title,link,published
It’s Cyber Monday and here are top 5 tech deals worth exploring - The Indian Express,https://news.google.com/rss/articles/CBMingFBVV95cUxQSlhTajBhNmF2VExySlZJcG0wS0lGMTJqM1l3RDVmbmY0WE0xdG5XSFd3QnNWLWZPUUhxRnhoYVF1c2x5Tm90aVhDOTlaOE1RVUJoRDRiR2laME84NzFxeDhYSUxSb0dDTnQ2ZFQ3c1p2djFsRTZHS1oyRXUzZ0VRS09DeDZIRzdic1BFYlZCRVk0R1NRY0pZNnZ3S05pZ9IBpAFBVV95cUxNemZEUUtWem1mMjBJa2hKT0lLa2lNU25iVVVIZGdMUy00MVdUTF9ON0NqNWxkbDFLc3prYk5CRnNzXzdFOEVHb1NKU29CMWlwa0FSNUlLRzZ4NlMzc1paQ1FDYWZBOWJza1BRRFhaUk4yVWhXckRraFUxSGtPZzRvRHFwNExBTTl6U1FoSGRSVExFR2VTTXFTR3hZZFBMS05oeExBVw?oc=5,"Mon, 02 Dec 2024 08:00:00 GMT"
"India's tech funding grows 6%, number of deals falls 31.5% to 1,448 in 2024 - Business Standard",https://news.google.com/rss/articles/CBMi1AFBVV95cUxPZk5FbUVubHRUM3M3RlVxODRJajNsQVhqQ1owZnc3c0x0OVpBRTBzWWZaVVl6YU9rTVNiYTdLT0tCd1ZXRHQ4NHcwenE5cmdCT19jYW1PWmhLQ0t5YldWR1NIamQ4WHdMeFRlMldGWS1HYlJ2T3hvZDVJTGprLWJqNWM4MEljeFFENEszdl90NXdlMUoxS1FKVDZCeUVyQWdwalc5THdsdDFNSXpUOVo3dXNoSGNZNFRWRi12V0taVW1VaGpoMm8ydmZHNklSMVFmb3RaetIB2gFBVV95cUxOemxwbjgwZXRTZGxCcmFmR0lucWk2c0tHWE9JdEpyTW00ZVhReklreEdPaUwzMGNIR3ZyeDJWb0VZS0poc3dDSzNQcWg0amtPOGxoNU5OeHhDdXMwdW1MR1FWeG5IaWhfMGNNSEFQWkhpamhGR21Vd2pKYmJfODlGVU9ZU0QxeUxGcVNZSTNpQjEwS0ozd0J2eEJYY0xLQkpqSmRVaERUVlcxSS1FanNaQjJpclN4cXZSZVJJZC1NQklxSEloNGl4QnVxZ3RvSHFsc3Z6U2ZRSDZnUQ?oc=5,"Thu, 19 Dec 2024 08:00:00 GMT"
Indian tech startup funding jumps 23% to $7.4 billion in 2024: Nasscom-Zinnov study - Moneycontrol,https://news.google.com/rss/articles/CBMi2gFBVV95cUxNSHFHZ0N0bFYtTHN4U2pXUGtweTR4bUgwVVc2VzZxV3VRM2FSeXFuR1VMNnBQb2N4SFgxUktJbkd2UDhzTmFWMEJqUmMxdWZ5RzZkNE9ITnEyZE9DRk9ON09WMkRiOWpQc1hhZjYta3oyT2kxeV81b1VTYlNJZnZFUmFFVEdHWTFSbHlMTmQyZGRKVko3bC1JN2hmdzROS3c3TFV3REs3OW45UWJpU0p2YjBRYkJDUExWYUg5UHlseF9oNDlIWHIzSkloS29TZy1wX1NVOHRiUXdmUdIB3wFBVV95cUxOQjB4bGRFNU0yU01BUGh4MHRFc0t3X09JM1l1TE9EUXRBenAxdGs4Zl91TWNrZ2pFYlJGMTEzMU9Bbk5Rd1V2c2VxODZrRzV2VUIxZVlkaGdfM3ZlNm9oYzYyeklNQTBCdjdGMDBiQ1pxbjViQXhSTGFkbGwtcFBEbjVFTnoxN2hEVExheGRmNktvYldNY1h2djFmM2lzYlRKOGY1Vkl1dkJjYkpRMDFuWU9OVEN2VjFUZUpsNVd0dTM0WXE0QXgxUHYtajVKSnptUHhuQVNkNkt2V29wRl9B?oc=5,"Thu, 03 Apr 2025 14:06:56 GMT"
Indian tech sector sees deals worth $635 mn in Q3 2024: Grant Thornton report - Deccan Herald,https://news.google.com/rss/articles/CBMivgFBVV95cUxPTlByUWtRazNEWEt2LW1SaWljcXRQTG5KSUNmRzZLVDA5eVJiRXlqaEFCdGd2SHhwSGd0QmZESll2ZTc5eEZqQnZyUzBjZGZJb21nSWlzYlRWT1AtTG1EanJPOGhwVVppbmZFc2RnczJ3Zk5wX0w4cVZCRTFZTnNlY1pielBqaEJ3MDUzRUgxU3R1QmdIRTNkSXZndW9DYnlJU2M0X1cwMU1aejZNaEt4Ym9KVFFhTnM1VV9famNB?oc=5,"Fri, 11 Oct 2024 07:00:00 GMT"
"Asian tech players react to US tariffs with delays, doubts, deal-making - theregister.com",https://news.google.com/rss/articles/CBMicEFVX3lxTE9BdmxSX0xGR1VCN2tSeXluRURWS0UzeEo4aUd2UVUyb0x0a2U0RkJpbnB3UmdkOUN2QmJOUWlDSVlXQTR2bUg3bEw0WkxLel9kem1Gc193UHp4bFdOcVoxOGZ4T25fWnNqcjRTM3dhNzPSAXZBVV95cUxNU0w1NWdhcXFTcmhxY0xnejJrT3phRldBTDQ0NjM1aFpwSUYzbEpGbGJrMlcyWktrNk1lby1ZSjFRM1VmQ0Y0cGYzZm96MGo5blIxLXZmT2ZtQ014NkFVVENRRFdLOEVsZ0pWcXFQODBuLWhCUDR3?oc=5,"Mon, 07 Apr 2025 02:59:00 GMT"
Tech start-ups remain optimistic on funding in 2025 - The New Indian Express,https://news.google.com/rss/articles/CBMiqAFBVV95cUxNcWVZM2p6ZUtLcWNIZlFtNkZWRDRvSDR4czE2UGd2RGxud1E4TmJSeGpwemtPWDIyNzBzRm5LOVJYc3RRZ0tZSFFIMnY4MTJtMGNHakxrOGIxeEQ1OTd5SXN5d1dFZ1NxMTBoN3BFR0hQc002RlB6SUFPTXV3UGwxOUt6R3N3SVI3OU1OWXJmMGhkY3NWdVNscHpTMFhBRHpuWkx0eEM1elHSAbYBQVVfeXFMT3BCdDg5bjVuaG5DWV9iZEpObGdILWczNklPbUp4ak1ESUwweDJObFRJZDZpbUZ3OE1Bd08zNHFLYkZzNWg3cXNQSlRPdDhXTGFYbUJxZmVZOTR3Q0UybzFFYnN4cHM1dFpyMGVod0JlUGtGMXdZa1BvUXdtcnhtUzQwbXpCdHlCdVIzb2hvajJScWpGbF9rUFB3ZUFzcGhWNHh1Xy02c1dxRGp5SWFZQjhhay0yYmc?oc=5,"Thu, 03 Apr 2025 15:24:13 GMT"
How Accenture leapt ahead of Indian IT firms with large deals | Company Business News - Mint,https://news.google.com/rss/articles/CBMi-gFBVV95cUxQdGdaNDlVVGJMVXA1YkYxckI0YXYtOUdmcE5xaXlDTXRDcW9VM3FVQ240dUxWM1ZnY3hZYkNtd3N2a2xhZVI4cUJGV1RtNExpQ0oyeTVPUkZOdHZWb3psaGU1UXIxOXVBLWJQTk5oY3dQYkJ6MFRCMlRCcy1NMWxYQTM3UkJwOVo4SjRFQnpHanVKYml2bTlGMC1RQTBjUWQyNkNETUx2bUlTaHpKM3VFM2pIdUJnREdzYXd6X3RVN0ktTklHSGJSbGNRSmRMTC15bWhsMVBNNFhHSi03ZDd2Z3g2UGJuV0E2Vk1ueHlhOHA3Zl9DcWVlc3dn0gH_AUFVX3lxTE9zeTEwVnIxVE51WTFKUHVUa1BWdkV0ZW5mc0VxTk50VW9xbk9IcGNiam5NdXh3YlprWXhBNl9aTXZ6VTNpZVlzNWxCcGxPajVhdVNPVGNIUkVteGxVSkZUVGtmR19LVFB2aU9wQzZRMGlNY0ZxVngxMDFJLW1hWWYtLUpGWHoxZktnY1VUaVpxdWRzMnJNQ2FIVF8tRWZRZDZkLUJBSlRsejJ0ZmYwTDBibktpLXhEQUh5alRjUllCSjU4NkxGc1RmanlUUXVaeFk2S0xXZFdGSG55ZUdxM3REeW12RHJfT3kyWlM1Q3RIUHZtSjZVWDhmT3RGTUlpWQ?oc=5,"Wed, 26 Mar 2025 07:00:00 GMT"
"Cyber Monday sale: What is it, top tech deals, and more - financialexpress.com",https://news.google.com/rss/articles/CBMirwFBVV95cUxQclB0LWJpNWUwQ2tUcko3Q2FzR2Y5OUpZVlp2dWEwX01GVDd0OWpJNS1JWFdFU19ya1Z3TWJUb3hEeEN0S0hhSHNUazAzWnhrMm9OZjJSaW5vSUt3eEw2UmZmVVBaeUctTFFWd0Y4Rjd6OG5VNjRCdkFTNWh3OU9oeEs4a2dzeWFhOS1ZcWdNcHc4dFBfVEs2cHludE5IX0JkRGJoYm9jUGt6LVBrT2M0?oc=5,"Mon, 02 Dec 2024 08:00:00 GMT"
India Eyes U.S. Combat Tech: Fighter Jet Engine & Stryker Deals In Focus! - Business Today,https://news.google.com/rss/articles/CBMixAFBVV95cUxPWWNMX2FLNmtwTW5NY09MTjFKWDhJemd2Yjh3RHdhZG1vWmszSXVvbFpLb2lEMWFlUV91UE9DbDYxZnZyVHhnd2NIcWY2WHBUWGhMdUZMaGNoYjZIR2NOQnZVdWpoQnlodm5QY1VLWF96U2ZIajVrV2xJcUljNkt3eGc3WDhCSWtLZm9kRGFzOGRUWjdIZy1XWVA2dTIzWUtjYnpUS2RjUWVDRGs1OGlEME5VMTFuMVNJS1NxSnJTbFlHZy1D0gHKAUFVX3lxTE43S1h3NnJZcGpIRnVRLVpJY2tfclRmZW5lSkRiQ1lGRGczSFVZRFp1VDJVRDd6S1RpdG5yVkt6RFN3VWlfdmZXYjRsa2x6QmcxVjRid0dEZ3JqZ0ZqNkE3WF9TUnNfM3J5OVBJZUUxakxqSS1QUExVdnRja1dCT0dESlpQYXlMcm9nOWYzVlgyelRyeXRWdEFXUVRySC1ubzItbXRKNUNKR3pGcG5zSmNITng5cGhrX3paaTBtV003SmpjdWVLWUhxRGc?oc=5,"Thu, 13 Feb 2025 08:00:00 GMT"
Flashback 2024: Top consumer and consumer-tech deals of the year - VCCircle,https://news.google.com/rss/articles/CBMikAFBVV95cUxOZGF3UVREOVA5cHgySWtYR0p5SUY1V3AtZkgtS3FjLXBiQm9ENHZ6WGJfTXlsQ3BhLXZaZDdwdkJWRDA2aXZZVUNuUDExVmFsTWNaeXdZSXhYZV9VVC1nbzUtZmJGc184dDlHNVpoYkhwQzc4ZGFVMURkdkFNc0tBNms5dU1FQ0tLakRwaWg1dXk?oc=5,"Tue, 24 Dec 2024 08:00:00 GMT"
"India needs tech transfer deals, non-Chinese critical mineral source, EV supply chains: Economic survey - BusinessLine",https://news.google.com/rss/articles/CBMi9AFBVV95cUxPd1hPOEF6NEo5UW00WlkyMTB0U09VaHFjZExBdDFocklZVlJfTVRWdzUwQUl2X2RqeTg2XzZVQTZqbUdtX0ZBV2NSaFA2bERuMnJSaG91NlJ5VjNTTlRpZEUzWjg4WXEzS0Z0WXl1cElOZ0ZiS3AxQWlGQzQzdW1VWDl4b2doeXMyeXFRcnRtYW5iZFEweUVmbXY1VWhxRkhEWFNwYzFBekRPXy1hcUtyYVBTbnRGYXVhZTFjcm1YdTYzb2RUdEJIU2dCZTZqLVlJSUszcVY1ZGxJRUJ5NGxyYV9tUHUwSndyNGxxZU1RaWZlcWJV0gH7AUFVX3lxTE1Pb0NfVk56VGNST01nNGdrcEhaamRQUWdVQVJlYzdtaklFSENLNFBEOTlfeU1FU0U1SDZ5VXlpblpRRVRzamN4ZUxwYVVFRHBkSkhLLXNCWVJhOEJSODRZODRmQUtRWXY3Q2FpRGVMWnZERGlYX2VFRERtd0p3NVAxNENiRF9xZURpdERPQW5uTFZudU1aXzNReTBkVkpaTndndThHbkNCeEdqcVZpbHZEMkxYWElpLTZoSHU5SmJBeDBsRzFuTjFkWE91dllHQlVIOWNLelVyOTVJUlBIZmZ0eWg0MU1KTXdFVnNVMDhEUGZoRGE4dEJkOUg0?oc=5,"Fri, 31 Jan 2025 08:00:00 GMT"
Elon Musk makes India inroads with two major deals - CNN,https://news.google.com/rss/articles/CBMipgFBVV95cUxOUjV0LVQ2WHh0THNNandOWXV0NFZPeUZvcVJSREpoako4Y0MwTXdCUHNBYzZyQlJvTEpBRzJlUEVNY3RHVHBGRmp2OVNkeUFIUFA3VDJhUTA1Mm9xRmlZM0ZSSllwcVZxVVl1ZkRuaWhHbGhDeV9Bb1ZmdlFMeXkwNzNoQ2EteXJ1YVczRHNKMG9wbEpuRUJzdVE3cGdNSktFNHBZUVdn0gGcAUFVX3lxTE9qOTZsbFVhSkZGV1VKZHZfOFdYTFRWNFFUMV9Xa2NEVmc2MWhRLTFWSV92NjU5eXJNMGN5QUtmNHBJZFFGUDZUUkpaX0FvN21nX25lZnE5WXBNckJxQXl1eU9wS0I3eXJGcV9nalJ0Q1ZMZnBkcTVmVTJuS1F0VEVZRmVfZXQyY0pfb2ljbEUzeGJzRW5oYjdabjREVg?oc=5,"Wed, 12 Mar 2025 07:00:00 GMT"
"Best Black Friday tech deals: Check out discounts on GoPro, PlayStation, Dyson and others that are too good to pass up - GQ India",https://news.google.com/rss/articles/CBMi4AFBVV95cUxPcTJQdEFhb2pyYThHMmtXS1BkMUQ2YUNvcUhrcVpsSzZscGxYYmlwSXBMei16aUNRMWJtTGktUTFGcVBLbGJ1RjBJaHFYMHM4S0NqZmx3Y1pkQTduNUQ3eXJaUm9sY01IdkRKRjNFY1VEX2QxMDNCcG5fVFRydzJnemZlQXNRWkJoRlV2djE0dXItOW9uLTlvWEpEV2VUcUwzZC1hbHNSd2FxS0Zya09kc19zWnNyRy1mNHNGZE9PM29yZjFMb2dlV3JVZHFzYU5yT29SbExlSzJpQjU3dV9DUA?oc=5,"Wed, 27 Nov 2024 08:00:00 GMT"
Mega deals at IT majors could slide to half of net new revenue for FY26 - The Economic Times,https://news.google.com/rss/articles/CBMi2AFBVV95cUxQejNHTnpCM0k0TkpqNnRlanJJM1hQSS1obkNsaERDcVZMbjNIdE9WbENMN2dxLTZqNHRKRWxzRHRkVHBQTW5nZmR4dllrOTN6cWlDYWIwaUR5YVRQeFJ2eTV2MFZkVVZoZy02eG5Ha3MwVmRtbGVXRVkzZExhMWdOeThpSHMtVGl1N3dFZW5RSzh1T1lIcENxR291djR1ZDF1WTQ0RWdMcGVaX0hMWENyUXZoZkt2SFRVREZ5V0kyMF9ud2hSM2VmckZjM0hLR2xqcDhhRWdzRFbSAeYBQVVfeXFMUGdlZkN3aEZIUlJ4S1A1elNIS1dzZk8tU2tLTVRmX1Uxc0E1LTBYdTVPTGs2VUhKaGxybUhLVnJjVG5RWFliamNtTGkxTzNjZG5sY01rZTAwSl9aNDhoNGJjS2pfbVNsQWUxdXdsR2pFV2xWSHA0ZEh2eTRJTm5LYTBCcTlBbTZBV3ZKMXd0TW4yT1RsazB0VjdXUUE3WFMxMXZvaTVLc0ZCWk9OQXRhSUtRMzFWZDFmR1NFREhuT28wdTNzMWNoUVIxTnVXUmktNm14WFJBeXQ0NGk4T2FnbkprSDJXLUE?oc=5,"Mon, 27 Jan 2025 08:00:00 GMT"
"Bulk Deals: Nippon India picks 28 lakh shares of TBO Tek, Norges Pension Fund sells 7 lakh Nazara Tech... - Moneycontrol",https://news.google.com/rss/articles/CBMiggJBVV95cUxNQkJWcVY0LWVFV0xyRnlZVGI2N0xCQnlBZ0dpRU5mb0ZHcENEdERWLWNxZFIxdTJLUENaUHNJMWpHT3Q0ak4wWXJOY3ZqcHNjNXBKS1VJeERac3BSOHhQOVRhb1E3STEwdVUyNnM4azVaZ1pMT0xURnB4VjFDR2QtdXVYZ1hoMlF3S0xUUkM5N2tNQlhtblFGbUJZOXNTa3lYaG9CNC14aC1mZW9RdEkzUExKN2x6c0lhczFOZ2tRcmdzYVFQTmZLc2hfUEhsNVBwUVNQdTAwbEh1LWZNUXMxNmE3OHJIY1NYeVBCbmF0bUhrU1ZUVFVDZUNHZURocmU0QUHSAYcCQVVfeXFMUEVFMUltcm9peEM5MkwxblgtUElHbHIxWUpGMUlIMjkzdHd0Nmh5LW9MYmkyS2xJdEx1V3cwYmQyUjRtSnF1ekk0TDZucjQ3eEFyUmkyb1NHMndoNDMyOER5VEdKWGp4QzltLXNjNklxWWlZVFlJOXh2U3MtMWx4dHd5TXRXNGg3OG1Ebk9Oa09vTG9UQWtqcTlpOFFQZlVHS3k2cUx2NXZQSTQ1S01DekduNko1dTNwNDlrOTZrR2E3TUpNbE5SOVhJX0JSMEU2VzRVNFQ0TTlSNmJpSTlfWHdBWi1RZTluZzIyV2FpTWZyYjh2VXljdUd5Y3VnR1FUdU1fdjNMX3c?oc=5,"Fri, 21 Mar 2025 07:00:00 GMT"
Beyond smartphone: 5 genuine tech deals worth considering this Republic Day sale on Amazon and Flipkart - The Indian Express,https://news.google.com/rss/articles/CBMizAFBVV95cUxOV1djRU0yTEJwQW1NTHRzWnVrNmg3NGQzdS1CSUVpcUpzZ0RNMUw4MElfSTdpYlhTdlN6M29lbnFnSEtydksza0VTa1Z5RnN6UlllbkJUa0NKYUVJbFMzX1lRUVdhdGdWcFN1UkxRQ0xTUlRrWjlwOFUzUk1QNld1WFhxQnBTMmZ4bDdEUmNjZEZ1TFJ3RGVpOElQVjc2LWVOZThEQXVtdjgtWlNiY1JMVTFIM0xzLU41UXBLT1ZPVTd3WEttcS00LVZrM1PSAdMBQVVfeXFMTnJubHBlMnJ0VWd4bHRfMnpoSmc1SmZxSEVBZ1hIelhZZGlKSHdkQmZFMlJMQTh0MnFLZFVPaFYySEFsVlJSenp3ZkQtRUdGNVJwdTRTVEVaOWlSaEhlZGhEcWVCaDlXVW96NGNHRnhqcy1icFd5RG1fdVVkMkRYVzVHRmFraWJic0tqTzljRXo3aDVYeTZ0UWhCWmFUc2xQTTlISUtmTjh5dThacUV0TXZYSTdELUM1eUNaZE43M284bEdsZWFSQkE0QXB3MzU1WHNmRQ?oc=5,"Tue, 14 Jan 2025 08:00:00 GMT"
Tech drives India's M&A market in first half of 2024: Top 10 deals decoded - Business Standard,https://news.google.com/rss/articles/CBMi5AFBVV95cUxQUTRlaGZsUzNuYk40bVplRlNyNEtISDZiLWM3ZlpCdmVHQmlwVVBLVkUwX2MwSXBkcnREZWpiVGJmMzA2cm9yMTBZY1N4LWhGYXlsSVkxbDhnYTNKZk9Xbkt5NXdVYzVQeGpUUmJXd2JIZUVUdFdQTy1lVzNWTXBGb2wxSEcyVjdOTzhKNUw0WGpvME1OVFIxQTV3dXZXelpOcF9lODM5RHg3Z3FHN0xBY25yZ3FEVWlOaS1qN0ltUENxRDlNWENWMVVCSnRmX1pmRGwxWl9DdDB3TThyUGpRVXhtd1PSAeoBQVVfeXFMUHFhSTdpWkpzd1ZZa3duNDhaYi1xWkNVd1VVU0RFMlFnalRRWVR0dXlrS2w3VGEtT18xQjlrSWlUc0J0allSYUNKejF5Q3VhUDhlS3JmTlBmd1VUTXFZVlBoc1h3TmNaR1A5bVhMdDVXcTZwX3NrX2Y1NVdjSnplcVlNdTVpbndtTGdUOER6Qm9WVnFaWkJkQ3VzX1FYWUVVUzdDYmRMTTNiT1BieHp0ZmVlbU5kYTFhcHRSQ2o0UnMwbEpSNFpLanNHRUxycVdPOEJwQWhHSjNzZmFWX00xQVVwOUlzeThMcnV3?oc=5,"Wed, 10 Jul 2024 07:00:00 GMT"
"Amazon’s first-ever Black Friday sale goes live in India: Top deals on Apple and Samsung products, bank offers and more - Mint",https://news.google.com/rss/articles/CBMijwJBVV95cUxQUDNobjJmcFNGTVFBQjllcWw2VHZEdVA4RkNKWnh0Qk9uU05yWGNoUFNnWmxZRjFtTW1IcWtmTV9ZMmotSUFIQ2VNaXgyMUxFSGd1QkZuMlpraW8tcWxSM2Q4dXdQZFBEeGpxY3JTYUtXbVhEaEZKVFhNX0ZaYVJyQnFrU0xnNDZxZnZOWGJYWjhPRGpId2w5YWoxcjRvR25Pemp0OC11Z3B1TERCRDRIRnQzakNMRVFwSmVEUVdDVDJuenJ3OFJXVHlMb1pKMzhmbnFWN2hSOW1jRkYzYXRpX3d3dGE5bDJaTTV3WGVkeFVab2Y0V2g1U2FQZGlla19YZ0hoQWVIOTB6UlJoZENj0gGUAkFVX3lxTE1GR2swTlpVT2YxSnlSY1hOb1lCZmlCNm5lWHd5d0FreXgxWXlySjd1bGt4ZEIwMG81MWNxTGF5MDNfRFJqelNXZ2tEUUJaSU9rSUZaNDZkcks4WVBOMXRLVkVPVE1JRjU3OG1iUVpiVTlSemhrZkctY1c2a0hUUVRCdWhLMkp2aDVSZjVSSDNJZFZKUklFdVlCMkVGSEJXMzNKRVlWdlZmaldNWHpnVHlxWmVNZkxHYTZHaDgtTVUxdzVhMllJU3UzYUVCbmhvT3lYME40eEZibC01eHZXR0tvLWNEbkRMWlotX2N5d0Iza21xNTRMenB2NlVib0R0QVFzaFlyUWJSQjdnLTFka0l6VFRBYQ?oc=5,"Fri, 29 Nov 2024 08:00:00 GMT"
Airtel signs deal with SpaceX to bring Starlink to India - Times of India,https://news.google.com/rss/articles/CBMihwJBVV95cUxQMzcxdWc1eGRNRzVqQ01UTGRLbkZuQ2xGQktOdmczMUF5WnBhUGFHYzlCWnlTaHpBbDVYemRMeWYzZzN0UXh3ZjFxNTZEMXQzWjNVb3hCaXV3cDZ4YTRVZXBmZHlEb09UaWZGaW9uX3FtV1QtR1haRjViRjhmUHN0REFFQmxIanV0ZjJiTEdJdWpyUTIzTXhkcTM4SG9rdEhRbVlHYW1RNzVlWC1SdWdoalBoMi1pbmZjcmk0SktwU19mcFRETU5ja1A2TjZYX0d4RGZlNFVvSGN0bDB6bkkxaUczaGtjcExnNkhrUFZ1VGNZTml6MEthaEZ3T0xPZEpxSjhIMF9DUdIBjAJBVV95cUxPcjVJWHpyOHYwT2VJRWx2NU1tX1FwelFXdlpuNzhyRXJsOVRRVmgzYUNGS19oVk5TMG9DVHhBMThMVEQ1TWtnNEZJbnd5N0k5LUNJMUROSGpOUllfV1pROEZUSzZicUd1am5lYzdBWjMxOHg1NUkybG1TSmJCbFowQWE4aGJZbjljb3BBbXB2N25lM2VLUm1iU0p0TDRIMU8xRXlDaEozcXVQdUZBS3lQSnJaa2hrdTAxem5JZDZDRzNSaWRkNXB3NUlEUjZOZ0pYNjZyeWx5TmhMODR4aHRBLWRxZ2pUekNwbGJaMW5GdFYzdDNNQjJGczBudjl6d0V5SERBdm5qQTZERnlS?oc=5,"Wed, 12 Mar 2025 07:00:00 GMT"
"Broadcom, TSMC eye possible Intel deals to split storied chipmaker - The Indian Express",https://news.google.com/rss/articles/CBMi1wFBVV95cUxNczZSa09hWjlBODZ0bWl1dFd0elNDM181MzdZLThYNHltaWFlaFVncGYyaUxTdUVpQkhJMEQ2OXpVVmpFblJ4TVVYTHppUEQ1bENZak5vNHpPa2RZLWwzZnc4dEd6STJqb0t4T3FhTzZ1ODB1WEluVENkMmhaY1RlTjNONG1DcnBoNmhzUXhXSExoZHV0YkJBcGczT0lsZFF3Z1RMbXJ2U3gxdHdDUVZKSVVqNVlyV0NYWFZFaTRzZXRpTHJVdVQtVlphQkN5bjlaeVM4NG5TONIB3gFBVV95cUxQRWFnUzV5V0VmQ1AyRHJQamJzY1c0d2xjbzVnNGhaTjBla3VidXRBU054ZUtMenJfdVRJMWVKVlJaR3VWVVlqOURhTDExN3RxX1d1Y0NyT3gwWUYwMktJWVR0QnVVWUNnZTFnM3l1ZjNMTnFZY2VMcWpEb2gwVVhvMmZJM0I5cGNMb21DcjRSZExES2JrNGVQLUtLSjlrR1BHZVVTcWJmQ1lxLVRNYzM3WDRCTEFxS1Nzd2ZrUnp4ZmZJZXg4M0ZJcWF2T3hIeWpkOGhTSTF6TERZU3pvN2c?oc=5,"Mon, 17 Feb 2025 08:00:00 GMT"
"India’s steel giants to join forces for global deals, raw materials & tech - The Economic Times",https://news.google.com/rss/articles/CBMi6gFBVV95cUxQT0ltU1ZFQk9XOGk1RFlvQWFBU0pRWGRvRnRPbjJ4bmNyYk9UZFBfS25ZcXc0RHcyc0NVdEZ2R0o4RWdmYXQtZnJ0cFJFdmhKdnM5RVotVTJIS0dPRmI3NnBaT29Wd1BKUWxJS2dYT3VRbXVEeEJIS2t0aUl4bVh2X0RrcF9FNGdiaGVLMm1pWDlGbjgwRzhmQnJQUUtkVEtjdHg3Nmx2S3BKbXZHWGtQR3F5MEQ2RFZkM1JsVjFEeFFHbWk5MlgwNVZvWjBRYWVRYVFHTUotNWI4bGtWeGUyOEU3Rk5fajlXVWfSAe8BQVVfeXFMTW5lYzRQenhaSWlQR0JEZHhlWkhhdkJvWHBSOXgxZ0o1NV9DY2p1b0xfaWh6R2gxRHBCS1Jwd0VqakczdktzWnl4VnVjb3pBOVhXaW84dWVrY2pVendGeFhUNEl1STBVT2NTVDZORHU4TUY2dEN5cnZrdHp6enJJQjNvcE5mdjhIRjlraEVzdUNHeUZXbmFkT2pQbXZLWXRydVBQbzdVT294SUVIVjBVR0tRME9uUmtjZHRTNzhUYW1XLWZOVXpmRk9kS1RWV0p4M1FxRnp2S2ZMQ0p0WjRLVWtMYlBjVm14U2N5OXZUYXM?oc=5,"Fri, 28 Mar 2025 07:00:00 GMT"
"Accenture Q2 effect: Wipro, Infosys, TCS, Tech Mahindra, HCL Tech shares fall in early deals - Business Today",https://news.google.com/rss/articles/CBMi2gFBVV95cUxOTWNMb0Y2SGVYOGRFZEFKWlo0bDRfZm1vd2RyYmRjS0xXdHNOemZSYlBMYnNNbk5pdTRhc2Z5NmN0RWpOUVZJU0kyWjd2ODA2aXRhTGVFS21oeExQUTJxbFkta0d4ajczTE5GUFlBaFQ5MjlLNHVGTjM2OXg3Vkl3aTZkYlF4WUtyeF9YOW5zLVplRnF5cXJ3SVFTcHBfWXFvQmIwbk5BNjlzLTBmb2ppOWRfcUFTeTVFV2J2Mm5xVVJDX2oxUUZPbFpSaTk0NkxrNC1NdmJBSXV5UQ?oc=5,"Fri, 21 Mar 2025 07:00:00 GMT"
"Infosys' revenue up 5% riding on large digital transformation deals, in-tech acquisition - Techcircle",https://news.google.com/rss/articles/CBMiwAFBVV95cUxQZC1aSGI3elFBOGlHeXhOTnZ5OEJPVFEwQ21CQTZvSEZvNm9QVV9aWWhrbEJuVVdabVQ1X1RxVVBuNC1MYlpxZTJsb3dmZUExRXJxT2oyX3VuM0pfZ0JBUmZONmJyU1JEM2xpSjVRRlJRZkU5SDhPckMycmxlcVZ4Y3E5cVJwVXJzaWIxLVRWbnUyTnBlX0tOUGNrREVfZGdBS1VHVDVPQm1ac3ZmQU9KZXRNTTFGRUhvSzdPUkQwcDg?oc=5,"Thu, 17 Oct 2024 07:00:00 GMT"
Nvidia signs a slew of AI-related deals in India - TechCrunch,https://news.google.com/rss/articles/CBMijwFBVV95cUxOTThYVW1DUUdzU1JpUVZZLVJjNlRkQ1Q0QUtEcDU4VVpDYlEtcExSaGZHVFR2UmhfZnZySzhQQ0xmWEhsSDdaRXUtckU4MkNXN0xZZUI1cUp6dWVGbE9aR29YNDh4TnNKVGxhaXg0U2NhZ0xweXN6bHF4SWJDOUdjcU5JRC03STU1UUs5UFB5WQ?oc=5,"Wed, 23 Oct 2024 07:00:00 GMT"
"Amazon Black Friday sale: Check deals, offers on Apple, Samsung smartphones - Business Standard",https://news.google.com/rss/articles/CBMi4AFBVV95cUxOU1N5MFJ6RG5LaGdqOV90M1FkT2FJaDdvdmVKZVhUNHR6SnJ0RGpZOVhIMnN6dm9JVW1jUGVWakdCZmVSeWJsalJsUVFHOXppVnl6RkZFa0JDZWZ4R2hHTUNQcmRWNC1sLWRhRTRQRmNldkVvSGpSZ2J0OHl1OUo1aHJrSE85Sktyb1JQUHBxYTdPSTg2X19tdkZHOWxQMzR0eDUwVTBJQ2QzZEhGa3lGdXRQXzhLeXBWQ2tDaFpfM2Q1YVc3SS11Q08zM0x6cl9fUmFkX1dOVWg2MDU1YjYyb9IB5gFBVV95cUxNV0VBU0ViVmlCc0w2WVJBR2E3cl9lY3l5MUhQVlRPNjBKeFkxSnhISXpUc1FTTlFTeUxNa2k2MHQzYXZsSjNFVGM0alduUnRCc2U3ZE1sM2diS2gzNzBzdzh4WkxoUmZFVERLaldZSzhTcTF0OWYtN2Y2SkNXaTJkM1E1QUlJMllRS3VjZFpoNGUtODU3WW51YXBGdl9BTDVFck1XWFVYNmkyYzRXbW9GU0taUDlqQkI4S2ZNVmR5SlNfX2JOSk9QUVhaTVE2UDA0SkkwUksxZ2pTaUl6UjExWS12dGEtUQ?oc=5,"Fri, 29 Nov 2024 08:00:00 GMT"
"Nokia wins its 'one of the largest, multi-billion' 5G extension deals from Bharti Airtel in India - Times of India",https://news.google.com/rss/articles/CBMiiAJBVV95cUxObjJVTFlQY3hqalBNYlpBOVZZa0tmVEREOV9lZ2YzR0JZb3lPNHlBel95Y2pLSC1WRnpzMXc5dmtjb25WR09sYVAyRW5aSEVHUTNJVHR0LTNmYmpVWVdRQTZtSlpRN01UblR1VThjeXZieU5DVU1qR1FVZlVSWVB3QWo0MDVGcDdWQzhYak1VTEFwemZYbzdzMmJlTk9PS2l3MTA4eGdUV1Z0Qk96SHVfbmZqc2gzd0NIOTl1d3dDVkt5SENnYmpUN2V1Yi0tMERDc20talp2Ukg0V3FfR2Z2aC1iTzJBT0Q0ZWFvMjAzVEhaOGJGYkpGMF9iVFpHejZKRC0yOHk0RVHSAY4CQVVfeXFMUFF1Y1BZYnY3dzF6MW1fZjg1dnFWREw2MTVxcWExZjA3Mi0tczZZVDlseDBoNzVYd0JUdG1HeGZ5UWdGY1pCUGlkaFc5LXhCc0hzVklITDROcVVRYVZiRXY4VmhxTTJPRWpnZUFDSnpUWmdpQ2hNQ2pQR0tpaW9QRXJaSGU2VlNicXAxNWUxYklhNDBObVh3cUhBTjRXanJ3MVJjamF5YUE4N1JsUE1zR3VheVpMdjFTR3NrUHdIa1dlS3ROMlhVR1IxY1l4Z2Y2c2JKTWZfRzh5NjhRQ05Fb3RlN251a2x5bnU3M29rMjBUZmo5UE5XYnNUOVY3azA2RjN1VlA1cEpQdFk5VlNn?oc=5,"Wed, 20 Nov 2024 08:00:00 GMT"
Rewind 2024: Top tech M&A deals of the year - Techcircle,https://news.google.com/rss/articles/CBMihwFBVV95cUxQWmExeUJvZC1IX3RuX0RxZ1RQN1dOdmFvcEZkU1hsZVVLV2tCdVRfX2N2My1JelRqSnZqaW1DSTZyQ05VWDVsUlVTNUZGYk13MGVaclRvc0JXRTFxZElqYWd0UHRfbkZYWUg1U2hIa0VJVkstQnY1Z2xLUWc5X1hqTmV0QUtHOGc?oc=5,"Thu, 26 Dec 2024 08:00:00 GMT"
Amazon Great Indian Festival sale starts September 27: 10 simple tips to get the best deals and discounts - Times of India,https://news.google.com/rss/articles/CBMilgJBVV95cUxOYnZCZDU2R3F6bnloUGRnQjNqN1kyZ2w1b2dleWxvY3BGQzNld000REcxVDMweGRGQTJIcWRVS3N1bEc4dUc1ZGVPVXZDS09fQU9pMkpFUkRYQmExV29TS3BVWHRTRlJpU1Y5YjRlcVJySXJqck9BbWNRUWc1OHE5cUdxbGpvUXRHSGpjcWo4NGl5VGVoY0NZcFJTM05OeU5zbTZuUTQ4bzgxMUpMc3BVZWdwQXB1Y0dHSWh3R2dFR21VclVEUlpYdEhubmVfUnF0OFRhTzIxMGdSZHgxd3lBYnUxdmRpcDJKbkE2aHdhdkpIOGhueWRIa29rTGVxSzRpR25QcG5wTmladmxTRWRxY19OUl9hd9IBmwJBVV95cUxQWW05YkpOUmJybDBhMHdSVldFZHBoM0x1c1hLSzdOX0Exb2I4V1p5cFpPQXM0UHRIc2k2TkNfQkx1UnNwa051bEFBYTF3d0paZF9VUjBaUTlINW9zYzRLc2hnOG9fUWxYM3c5QU9sWHNfTzFZVEVCLWlvdFdxdTFpQUN2Qlk3VTVXWURUdUk0OEdOOUZXM0RfN2EyclhrQmhtQm1lbUxOalh0NlM1ZjBHbEZrTHBZWkZILTZ6dXBFQVNVNnVpMUlQMTc0THlFbklCb2VVeFZ0S2J3SlJybGdnbmJtMzZPVnVlaDJCdld5b3Q4YzNSNElXVWxoZXVFTGc3T0w2WlozQ3lkQnhIek9iaVFZRzZLcnJsV3d3?oc=5,"Thu, 26 Sep 2024 07:00:00 GMT"
"OnePlus announces 'Red Rush Days' sale: Check deals on phones, tabs, more - Business Standard",https://news.google.com/rss/articles/CBMi2wFBVV95cUxPYUF2RFV2NU9FQlkyV2tnMW4tOTFSRlJrQjhpWXZ2SWlUeVhyT1lwNl9nZlNPTHBNeUt4akI0dWxXTWNQTnRldURjY1Z0SExaS1hQZjJUWHF6YmxSaVB5UmpyN2dyc1BFREVxSk5fdjZWaFBxb2tvZmJxVWFfM0RyS3p4RFJSUlo1RXVTWUdnZWF1dU50ZTlZejhmeGZXY3gzdVJkTm5XX0l1cGpmbk1SaUhXQXIwR3BVSnFYbTVXcG5tZDEtMVlUdmNKZHA1VTNBX3ZBUGpQQ0d0VGvSAeABQVVfeXFMTkZTdnNoWThOVG1kZkRacF9FdDhJaHFqbWFLQXZXZHZ6SjZTVTBabTBxTmVlSXV6MlpLbUFGajZsc1lPU3F2dUNyY2xpNExZZmM4Wmp3NjlPUGtEdFNua0xWMF9VenhQY21NcG9wbDY2QkthUEo5RXdVRHNRVm5FRHFQTWpTd1NUTDN3Z0ZvdEhraUpxUmE0X3lMNE94QllSWVNacnV1Z0pIOVV4R1BTMGVUcS1vZ3FVanlQd01qR2ktWGtjRmZBWV95WHo1RXVJMDZ4UWt1NnJnYk1sOERYLXA?oc=5,"Tue, 11 Feb 2025 08:00:00 GMT"
"Amazon teases ‘Great Indian Festival’ 2024, possibly the biggest e-commerce sale of the year - The Indian Express",https://news.google.com/rss/articles/CBMiuwFBVV95cUxOenV6akVmWWdNUUtTTHVKc3d2dEJmd3JZZUlJRnNkSFdfN2ozU1k3dldtc2xxTXVlTm1KdjNWd3pTM2E3ZGVtTGR2NVR2QU80cldRN0RvSElpVnZNN1VwcFdsUXhxZFlMNVIxVDhpeWVEaWtabk04dGlzNXFUMmtNN050bkMzUGUxem9qc0ZXZzM3Z0ZrcDB2dENfZEw2ajRlU2lkZ2Z1aVl6ZzBQdFdzNTlIWHpjaklVWkNJ0gHCAUFVX3lxTE5pYmE4MDBSaGV2U2tXalo1NXJiQnFlU3pYUWlaNXFqRkI4SHA2NC03dUN4TnZ6c0FEcFA5MkVJN0xuNTNZajB4N0J2S09Mby1HT21IcVVEZDNCUmVsVjY4SXI1SVBveElRRldZV3NqTWFQY1FLa0duNVczVm9LMEh1MnQtbGNWcjVMb3lHVWhCUFRRV0Y3SG5jN1JSaWM3ZnItcG0wTjlXNDhJR3JqZUJfMjBOOXNQd2ZpZGVaX1BkNGtR?oc=5,"Wed, 11 Sep 2024 07:00:00 GMT"
"Amazon Great Indian Festival Sale 2024: Limited time deals revealed for Apple, Samsung, Sony, OnePlus, Motorola - The Hindu",https://news.google.com/rss/articles/CBMigAJBVV95cUxPQWlhVkpDRDh2ZW5reHRHQ0dxSUVhdVk0MENQd0MtX0xweUh4a3I3bGtsSFVtZ2UtNWFDRjkwUGtzbFA0OEFmaFBIYThzYjZ4RUJpSG1DVmpYZ2RwX09oNzM4TjQ3WkIyTmhNZHJVWDhWREtuQ3dZdE1CS05TNWh0RzhqZjB0R3BFRGtPVXY1OHdPTzVWZnR6cmNyYnQ3U05yNlFINTZoRGQ3N3VSbUFldzNGLWNGOHUyMlRoYlFONmhkSFpJMzRjMlhSeFNkaVB4NzNOWkxKN2ZXaUZMcDFOMWlCQU9CQVFsUE1GcDJvQkZmV3BfZEtpNmNGS1lXS2x60gGHAkFVX3lxTE54eGJyUEFSOWtFbGljMnhjREI1SGY5c1NQUDBIVVpldUQtQlRxTENNdWhVR0VGTXpsVlBXTXZDVzRXaDRraUI0ZWlYNndhNDFSVEU4dGxtZXIwNTlZdjV5djlTbXE2bkhxZlF0T0dOZS10VzRaV25CblFVNXIzZHRXblpvanpLbDd3UC0xOWJGc1BCbTRIdWV2WGtjNGMySEhEYTJEQ18tNXNudHQ1Y2x6X1B1V3JVaGZMbWhYQ1RkY0ZGakIzTU00SnZBWmlZdXlhOVBmSXZpTmhjUWY0cHd3Zk5NYzRzY0NyWG11R05VV09HcWJjYTJJcHBWWVJJX211MEt5VXNB?oc=5,"Sat, 21 Sep 2024 07:00:00 GMT"
"Amazon Prime Day 2024 Live Updates: Best deals on smartphones, laptops, tablets and more - The Indian Express",https://news.google.com/rss/articles/CBMi7AFBVV95cUxPRHJ1cjl5QUotMFpLU21GbEo1RGNCNDBaUmI5RF9DalZmOEhPUDVibFJDbkxtYjhEd2dSZE9qUWw5OFFCX0pKQVd5elI3cVhxLUlvYUpnZ3VMYUZpZDNqbkdxNm1BaFVyTmxGcnZoVU9aMWFTN1FOUkItbHNxbXJEY3g4b1RybHFPZ2xoY1VGXzdxOE00RWljQlhSRUllQlVnakFWNHpGdkNjSDZYdXdBTkZYT2pUVUlzWHpjbTBtZWxWRHl1YWRXZE83UWRpS0Z5YWZrVnpFajhsUlZfOTJqSzlUQU9BN0dQZGVuUtIB8wFBVV95cUxQMF84S3RjQ2RrMDFFRDJycVktZEpuTll4TU1haUZLUUxyM1h4bldWT3FDODY4eHVFa1hyQjdibmNPUUVRS1FRMHhhS3VBU0d3bFNvMXoyOUZpTzB5LVdFR2JZbVprYXJHYXZhOW9waXZvcG5peFdXTlZMZHEzOF9kNkxlSGhSY3htdnpWNlltbVNSY3RFdHk3SGpNQ21BUC1WaFFMVjFfQlJjbHJqc2dQR0NQUUtvRkxxWXFfV0t3MDdQcmx0bGRPNS1GSGNRQ0ZEZFFCalNtc01iVDV3N3k3Um4xbWsya0VkOW5NLTBSU1BPemM?oc=5,"Sun, 21 Jul 2024 07:00:00 GMT"
"OnePlus Community Sale: Check deals and offers on phones, tablets, and more - Business Standard",https://news.google.com/rss/articles/CBMi4AFBVV95cUxONThReFJQWi1yV0tHcG5mZUlMWVJycUVPenFrSXRobVo1dmRGNVhjUUtYQjJCSTYtLUprMlJpMzRSTFhUX2psRkVJOWo1cVRTWk8yRHdiMDhtUnd2NWZ4Ui1KSEFmcjlmRml2dFVmYkg0MWh2Slloa1RETHRmc3NVUzg4bzM2dFVFc3dkSHVmVmtUOVVRTmxFSTJ4X0psOTBibk8tdmhFeVhkWTVneHBHUGhPaXRQX0pMOWFLTTVBMFVaOWpmY2lENU9zUm5mR0wxMmlTVGsySVh2Vk5mZmJpa9IB5gFBVV95cUxOakFoMEJaSXJyT0c1TlRqWVRoU2xubUMzSU5Nblo2ZDVweUtMSm5LTVRXWFVPWVBMRkFXTm5PYlp6YjNEV0RhR01uMUNvR3FyNnc0UTk5RmJ5OFlQYktUX1MxUTlfQVhlRjZmS243aEVUWll4cW8ycEhwNjJ5Z1dQbTVMTk5HcW1KaDF1ZmZtVmtTcVlUSWhya2k3VVFLc2FjR1l3NEZ3TnBCLVF6TmtZLVJPU0g2OWFCMkN6b1hXTFpvc3NWNFB3T0d3bjRfbDNLekM4TmdOalJKaUstSmFYYURyLVNPQQ?oc=5,"Wed, 04 Dec 2024 08:00:00 GMT"
"Apple iPhone 16 Pro is available for Rs 61,050 on Flipkart; know how to grab the deal - Times of India",https://news.google.com/rss/articles/CBMi_gFBVV95cUxOeWxEcWVpVm8zOXRnS1doNW5FbDdpQ2FuVUdzeUJsZ1BfWllVbU5ERXZxR1c5Y1ZIdG5iMEhkRG03dEI2MU1NbnJoSmU3LXRHYmh6blUzRHJkRjh5ejZQa1ZHLXB6ZW15OGRyMEkxVVFoR1U1dlV5c0w0NUQzR1dna2FWMmxrdV90WHRxSTZlNUc3OF9TZmhEclI4RUM1QzJ0SVV4ZjVrUDVUSHMyaHdKSWVvNUpzYlA3S0U5emh5OGFoVlp5dzAwbndCQjM0U1BLQUtkUnhJSGxNaTJFWmJ1QlA0U0FwTGZyS3pkcF9hTjhJbmJST09JR0hwb09ZZ9IBgwJBVV95cUxQbFQ1b1h6MVdUUkF0ZVkwRmVNSm42eXFLeFE0MnN3OHJmX25QR1haR3BucU5qaFB3Qlo5d1Zka3BEc1ZjelJQWjVjTmsxQmJNTkpEYW1NOHhtRHZzS0MzdjcxMEJ2aElKYTRaVU5SWnFjeVZwM3VZbVVaV2R5SS1IMFhYQUo1VHV3WExOYk5DS1QwU2xXZ2V6OXhranEtbmxHLUxHX1lqOTFuZ29yVVpvenNwTlROSXREeHpsUDRMVmNSemVXWURvaWU3OHZPU1EwV3gzYklJb09YNGpvaS1QZjYzS0toRktMVURzOFRQNV91MnlRX0ZTRHZhbHhPVVBqdFRB?oc=5,"Mon, 30 Dec 2024 08:00:00 GMT"
Starlink nears India launch: 7 key facts about the satellite internet service - The Indian Express,https://news.google.com/rss/articles/CBMi0wFBVV95cUxORllma1VNaU5JcS1kcGI2V1Rzd0JKYnQ2T2dQR2h0aU5tT0UyTFhCS1A3ano1RG5BNlZCMDl3OGZxVGhWRlR5dzRZdUYtVDJ4SmFVTUJsbnNIWnpRNXdCWGpZeExRWGQzNFc4eXR4bVAtT1NJY2JsUlBDUFBmMzdNTDFCdHVueGFjY04yMVZmQTNWbVdhYkd4WVgwWHVYSTRjbWhZMzdraG0xUDI0UXl5b0tWVnVGQW1vTEZJWDFVOTdpYTJqOXpzUFRHUVJGWGxDUkVN0gHaAUFVX3lxTFA5aVEyTFplVmVvYW1OTHUtQWlMVEtkMmptY284WUJ6U1o2OGFiUDd6aVJfa3RDRWxWeUZBSW5Zc0RLM3JMaVQ0SC1pZ3RyT0IwWVU5SjhIX3c0eUxFdUpiTWhzeXhtZ2RGdlNRLUo5UnBXbzRNc2QxMk1DaWJVblVScTFfakFtOVJXN0hEQS1sakxmazhDMzZlREFRbTZzVlVxa3FZSXNSQ1ZvT2gtLVdvNXRsVGdHekdXNzdvcmNZSXpkZENQbmE0OHRFRFlEYlJ4NDJsa2lyRWhR?oc=5,"Sun, 16 Mar 2025 07:00:00 GMT"
Republic Day sales 2025: Amazon and Flipkart offer exciting tech discounts - APNLive,https://news.google.com/rss/articles/CBMieEFVX3lxTE51YUxpNVJFY1hMcHRLY251dU5uTzJRYTZ4Y0luZ05tZzM2YlpGQkdfRVpPem90Q0pVS3BZQkx6S2JOamRQc0tRRWx3b0VZZjFuN2hBN2xtc0VfTFFMTkVHa2ZqOFBMRE1JU1JKa0VKN0pQWVFPYWpDXw?oc=5,"Wed, 15 Jan 2025 08:00:00 GMT"
Microsoft backs its $3B AI push in India with public and private sector deals - TechCrunch,https://news.google.com/rss/articles/CBMisAFBVV95cUxQV043Tml5ZDFXSVUxSTVUTUdCdjlCdWxvQjItTjVUb1F2V0FFTHE3WFRsQUZXNWtpcGxtS0o2ZU5za1pWcWpUam9obzlEWnEwVTYydl9rRFZuWDFkWXdHNk9HaUFTLTdRN1NoU2FXWF9TbEphUVIyLXRhbVBPUzBOSklnaEdSanVnZk5NVE4xVTNIWEtZcWRUVnM0Wm1WZXFjSHFTSG84bkY3WlBKQzN3Vw?oc=5,"Wed, 08 Jan 2025 08:00:00 GMT"
Infosys signs deals with Polestar to open tech hub in Bengaluru - The Economic Times,https://news.google.com/rss/articles/CBMi1gFBVV95cUxNendWUWY4cjlNbEluVDBCVW1nSjVHc3hUTlRya0tUVncxNkJYNENaMVFFU3lWR0dKSjNibm1GSm5EZTEwSXgyYkkxQUV0ZGFxN2pEOEEtMkNRR21mWVI2c2VkNTZVV0VGS0VOeFcyd3lnZ0xEMGFjWWVEN1h6NVJ5czEyLWQyVzJ1MWxsYkRab3p3MGl0bk9yMFprSXVLQmpOTnc0RnlFNERjVlM1dDdsMTZxNzEzbEsxYW9yVWhpUU12dDhlVlNFVUpfbFZIOE1EM1M3QThR0gHbAUFVX3lxTE9WT1JjZG5IMlFNdGVaS20wNVJPb2JnbWEwc0llNXhWdlRCXy05cXE4VzU5NjI5QnB1eTNxMmFhLVd0UUQtV2Q5LUhhZlZfZVpEZXN5ZGxQS1YtQjg4VjVBaXlXSnBSTDBOWFNtSUtPNkNNZ044Rmt3bVpMTlhwTU1XUGp5aWdic3UxNU81dGZBYU1ELUpMLXdRMjVqSmtnamJ0SUdMWU5PMV9LcUFQcG9pdzY1azdqdlBSeG9oblF5dHAwOEVBeFpUMnUtQ0RyemRFaDdUR01ZQl90RQ?oc=5,"Wed, 25 Sep 2024 07:00:00 GMT"
"Amazon Great Indian Festival sale: Check deals on iPhones, foldables, more - Business Standard",https://news.google.com/rss/articles/CBMi3wFBVV95cUxQLWNvcGlldXotVHBtV0s2cWFrbHhZLWJaczJEQTRyUzBpVWowUjZyZUZ1MEZFRm1RZE1vRjlNRzdtZ1B3SWFwQ2ZKZVZJRUptWmlGMDg1My1HekprSnVUOVFnSEJmYkQ5eXdBUnNlUnF1RnduTzFXRGllcEVZTGhmZng5MHRNUFZieGU5SlE4RDIyZHl1Q3ptWTFlekRkQkNEV1dCZ0NfUU1CRWd2N2JGcHNlZHBuR1NtZGRKRkZvdTkxb3RXVVMydjFIN2oyTWRGdTVleWpSLTkwa3VYUnFn0gHkAUFVX3lxTE00ajhnMGw1OTZsRGVoRzAxTTlNTG93UTdRUmp5X3IxQmlHZVFxUTlGUHNraWMyRHBwVlNQVU5WYkYtblh1VmdlaXBFNjZEczU1cXNUeEtpczU5aWloTXhTMFMyX0xVVlcxNWQ0QUVQSDRqUUR5UW10NzBQakZsOUwxZEQyVTZrd0pOakc4MXFwUnNaWmo5UzFVVVBUMGVObkdKNjZTVVV0Q0JZM2pCZGtWX2dLWGxpWG0yb0dyNmdhV0I2cUxEUEZCUmVHVjNaS1JxQW9TdDBUOXhnUXhZRk1EaHA2MQ?oc=5,"Thu, 26 Sep 2024 07:00:00 GMT"
"Google eyes layoffs? Tech giant offers ‘voluntary’ exit deals to Android, Pixel teams - The Indian Express",https://news.google.com/rss/articles/CBMi3wFBVV95cUxONk1LbUdNUk5RWThYcFU2MnJQenFLOHlfZGNuVjQwTFRzYUpvNnZHdEFxaHI4WjFIUExpRzBnT1BORWlmZDR2dlBMdVJrRGJRY2Z5UUZiQmhkNzVQR1Y2aHZGdlNhZ0tFVy1TZklQb3ZCbHFaM3U2dW9obkpLYW4xWFFrY2pKaUk2Z3FndmEzSWZONnFvSUk4cWU0UmxXY3VDbFcxVDlFR0lZUW5HU1JHMEZuZFVHVlhrQ1pWWlkxcWZJTnpoa2VEbFNFN083bTJSNGZaYlJpVlY1c0RfS2gw0gHmAUFVX3lxTFByT2liX3B3MVUyNFBCamxhVjBvWTlyOEtzRU1GT1EzQkliV0E5YnJCdF82NlY5ZkN1Rmh3N3I3UTZwQ0hLQ1R4OFVrZmE5QTJkTnktbTZJRVlpcnpzVDVseDRlZ0FkYlhIZzlnOFBUNW1BVlN0MVhpUXJ1OFJFNDNPUmFxampaYnptdDhfQ1lFeHdjeXlBQ2JyZ3g0d29ta21ZM2FKSFlGOE1tVnFEVEJKS3JwTmhvTWttbGMxSjFYejM3UXBtSU8wR2VqWXJPUVhUN3hDRTN4dGlzQm82NjBqeW5GQzRR?oc=5,"Fri, 31 Jan 2025 08:00:00 GMT"
Samsung announces deals and offers on Galaxy wearables: Check details here - Business Standard,https://news.google.com/rss/articles/CBMi4AFBVV95cUxOMlVJQVh6RjFLdV85eDhMTjN0RnFaa2w0VFFISHdFb1pISDlaYk1rMGp1NXVRUGpHTDFuNkVHbV9zTHNmX0twbTFxT2ZiZy1LYUdSTmVaQlcySTdtNDhqdWFmOE5WMFoyVDcxeUJSU3B5T3ZXbTk3cU1TdmZ5TDMtazNXMFUyLVV3RUNqdUNPVW5PcDVUbjFaMUpCd09waDlOTHRLbHdYbW1QNzZHYjJkWU4wM3d1TzN4Q2FicTkyTEQzZVJCNElWajJXRUpscG93OG1YbmtxSkZTZlVoMjU3NdIB5gFBVV95cUxNQWhoblVrdGJsSDlRYWxmWW1MNVA2elNfaDdYTlRFM084dUpOYmQ4eEo2bHhIX2Y4SnZIYWMtOGZLNTI5ZzBQUjBzS1Q3QXBLQTRJLUZZcVB6M29vbjBaNnhBQUtCd3d2SVdBb0FtcERicC1YcGxBVUJ1c0daZTNlNDFCNFZPLWpFd2FpQU9nbjdIa2RrVEVTWWQ1N1JTX3Zack5mVTNvZWFQb2NfUGtwSXVwdHVvZUduaFFUM0ZvcUpMWFZRWlNENjhQT3FHSXRsRUo4cThNd0p6OVFmODI5WDZJSDhuZw?oc=5,"Fri, 20 Dec 2024 08:00:00 GMT"
"Nothing Phone 3a, 3a Pro to go on sale today: Price, deals, specs and more - India Today",https://news.google.com/rss/articles/CBMi0wFBVV95cUxNUTNvZlNPOG9kRkNvbW8xekhMOWxwbUtRdXZSRUlSQmMtMkRybW9Xa0cxVVVma2dOTHljV1o4YVBDTDNvR29pQ2JYUlBONVBpNmIwZW9ubUV3MDNsQ1pxS2w4bnA2c2NKdXFLekVUejBvZlY5ajJ0NEdsME8zQm5GSkpVUjhVQUdMOE9mcGdZRnVmbXNXZmVaU2VZUUg1Smg0dC1ndFlaMVpGMjZDZEh4OThLZDB1ZE5icVJUcDJ0bXF0enZ1ZkE4a1E5azlPTkMwTjdz0gHYAUFVX3lxTE1Jek54UFhITlk0QTBwbEJKaGI5Z3hSMDRXOWZ6VHhFYzBvTW1TWFBxZG40eENOMkUwSGlELWEwSFpaallnY0lUbnBfcUJxMWtRNzVsX1lKQkhmbGlNM213YmI5dDBtWUF5LWxrd0o0a2plN3AzVlp6Q2dMQ3ZULURlNzM0bWMtQ0Z3NjllUEJHb3RqbHJCRGRYMnhiWEhZdmNJQ211RTVhbjhDWmFMQmV3Y1NtV0xleThTVkZLYkhvbGtQNGFCT1VVRmIzcW00ZzRqRENiXzYzVw?oc=5,"Tue, 11 Mar 2025 07:00:00 GMT"
"Bulk Deals on March 5: Goldman Sachs Asset Management exits Sterlite Tech, sells 2.13% stake for ₹84 crore - Mint",https://news.google.com/rss/articles/CBMi-wFBVV95cUxQLXI3ajRJSEU1QlJtSjljeXEydVZnNWpaQkNuNjJEcHVNTVdxN2FkeU9LaHVCaTlabnUyX1huZFQxeTcySUtWcU5PeDJ3RE1ydEdoZmdiMy1qUDFLV1UyS2M1S2JCNkI5TFJxbV9FSUx6Y0cxMko1V3JUYjBCZWFXdTFHcU1raTRkTTgwMTE4TU53MjB1ejZpanFXcW1lTDRhMzZINXo0dmR4TzZ0cHJkZDVOWnJFZ0Q2ekhtcGZNZU45bVZlazh0WWFrMEtSQm5vUzdxR3NQM21wM3FoWF9EV3Q3TnlUd3liZGstYk5GYTNucDYxWUM2V0tvSdIBgAJBVV95cUxPNGhNbTZQLVhDMTJnV09EbDVWeVg1RlJlNVI2NHZsTE1YQWJqVGlCLS1IdElUY0lJanlfMzYyU2VsV0ktakdnRTJwNEItMmlPWUpZTUFPVWZZb2JaMTZjLUQ2M0xpQ013NU8zSjJHZG9vVG5UZXIzMzVTUWxVc0U2Y2VlVGo5Z3kxMVVFYUZPYmdpd1VjMXFyLW5LanpKQi1BaC1obFBqemo1bGxOdFpTalI5TjF1SEJ1Si1Ja1FzbUtxTDc2czJOZUxBMVctWUs3Q05QLXNqd0c3QUgxZXlTNVB3VkllZVRJS2s1MGRkc3pmLUNQMVpoQ213U2JKREdz?oc=5,"Wed, 05 Mar 2025 08:00:00 GMT"
"Bilateral deals, cutting-edge tech take centre stage on Day 2 of Aero India 2025 - BusinessLine",https://news.google.com/rss/articles/CBMi6gFBVV95cUxOTnNtMnRlTGsybnRSekt0elVnU2t0YWd3UXJYbXBNZTRPaXdiajh2RW93Y2NDekpKX3RSVVhoRDF1RjVTclYzLUxTd3BlYjhNYk1jRXZpVW5yV3BsYUtVaFZLVVFsV0V5X1BuMVpPeFpIRElMVXlkeHktWkdnR1ZjcHdiX0NwOWdMYld6M29lWkhXaUZBQk11eVVtM2hZRngzUkEwYzQzcVB6dVdpNVNBQ0F3aE1aT1ZtcVJTVGl2UlNSaDhSMEotd2pzTERoakNaRmZka2poZXVXRlZkUHZRSUdhVUNpaUpFaXfSAfABQVVfeXFMT2lyQUpyaXRmXzZyQU50WVdsMEp2WEpSd0RUVHFtQU96UTN3NHZXMEhOQmt5U1cyX3VxRmtsSGY0ZTEtRks2R0FOZ0tnejdBdEdIRndyZUZsbkZMNmJUeGxRSFVldW5kVnJGYjBNT0phTnQwc3hTSmpCZ0lIYkh6aUlodFY3T3UyVXRJUy1oUzhHeEZtWmY1UWV5bVJsNjhhblVmZEpXcDJHTmlaWmJ1VHZTQmdrWFJUT1JCbV9kZGtkRnhTMmFlWERramgyVDBMcF95UkVVbW1MS2h3cFVBRllSS3VUNkhnZGFNcnVvSmFJ?oc=5,"Tue, 11 Feb 2025 08:00:00 GMT"
"Amazon, Flipkart announce Republic Day sale 2025: Check out dates and deals - The Indian Express",https://news.google.com/rss/articles/CBMi4gFBVV95cUxNZ2JEZmpTUk5od1VLNkI5X28yRE8wRHNiNmFIZVZXb0pQZ1hTb1ZialZYeFFVQmFsaERDbUtrYTdrN0JmOG9pTTV4M2dpc0d3Rmp3MExUaGtLYjdVTVpSQXR4a1hiUFhXLUYwTGZVX19fQ1VmZks0QnVINEViM3M5S2NyeDd1d1R0SDhBQXhPWHltTF9hLXNidmdFSk8yQnlsckNBdUZITlFHMWVlNEY3cjNlZlVabmNFVkFqbkVHY2pCNHc2YjFQdWhRd05YSk8zMmV1OVBYQjRRaFhlNzl2eTN30gHoAUFVX3lxTE9JSVF3U0ZROGVjX2x0ZUZpNnh0UGJwMkxQdlFMU01HaHJBSFU5RUNKa2RXQVVkQlBSUXhZWFdWS3BKVGU2VDZXR051MjdHanhaQXZ3Z2cyTWUtYk93djFmLTAzRWZETEtfcXF6ekNlVnI4VkUwMmRPbGpVUkZlMjBjM3ZwX3VHVzYzbVhVSjB1SGd4akg1SC1hXy1zV0xZbEQxSUVlRVhoRkZrNmIyblBacUJEVmFFWnNoWERaVDN3eWNsOVlaLTc2Ulo3RmlQcmdCVDExeGJFNGp6dnJWc0F5Z3A0WElpc3k?oc=5,"Mon, 13 Jan 2025 08:00:00 GMT"
Amazon Great Indian Festival 2024 to kick off on September 27: Offers and deals teased - The Indian Express,https://news.google.com/rss/articles/CBMi1AFBVV95cUxPaVUydzcyclJRRDZVYnk4empvYVVKcXd3OUdCc0pnNW42QW5XNlVXaW9sR3dSNVh5SlNPTTVOX2xCa0c1TW8zWDVwNE1IY05USUF0Mng2UWdwUXhDLXlacUIwTnRhWHVDNTRWX1ViYTItMDR5enBVTDZ4MUkzRnZEQUg5WEtLT2JxOXJTdHpJcV8weG1WRmJuSml2czVNLTFLbmpVZ1BrUUt5REJoTUZmZjFUOUxnai1ZbFNXbjljbEw5RzJqT3R5VHVGNHhSN2FzaFpMVtIB2wFBVV95cUxNWkYzSkhFekFuQjNBQVVVbFRGZHFkZWt1aTNJaF9zLUZQMHBjRFlLLUNsV1FpV0hzSDYtcEZOeDhWaWtZWVZ4SWlOOUViQnNnM0RUQ1F5QkMtSkE4Y2x4b0pEaEtqNnpSLWx4MG02Tzg3Q3ExanB1NE1GU3VHeTIwNm1DRnYzbEtpNld0U1FtYWlkREI2RVVjSmY5S2szMUFXUXhWdFN4RmM5Q09HWUpmaXhHT3kwamd5OHd6bXp5aXdHbHdRWG9aOHMtUXVwOW1vQ2laQkJXVmtWUnc?oc=5,"Fri, 27 Sep 2024 07:00:00 GMT"
"Samsung Galaxy S24 Ultra 5G available for Rs 51,782 only on Amazon; here's how you can grab the deal - Times of India",https://news.google.com/rss/articles/CBMikAJBVV95cUxPZEg5aF95b29XZHZzdkpTOHlKUl9SMEZGVzVHWDNtb1M0VzAwcENjQzBwTVRuSkVJQ1FzUWlRaGZBekRmbUhseGVzT09XbGw4SG9XVEVtYzMwTE1Oa3VwMmpld0ZnVTAyVlBjZmtHQ3JKX2lwaFV1a3FHdVFEdmRqZDhQWV9vNlNja1ktLTVYWWxGdTBYV1hVY3BfZGtWRk8xTUg3T2ZhTXdvWTc4a0VVaXNtVmlsMW5SR204R3NaclhqUld1RXd1d0w1anFLYzlUM0dmaXR3X0c2U3VOZ21FQVgwbGxGSThwc2I1VDAwU2w5ZFZuWEtPSk83LVZ6MWdFY1lYTHFDRHNGMHF0R3JmctIBlgJBVV95cUxOMlQ0SmhZVzl0VV9zMVc4YjR4N2N4UDdndlNWaUE5SnR5azAxUHRtR2VzMjAtM2liUE9GZk1jLVZIQi0yZXctcWlpTU15WVMyR0MzMEVmdlRLTmJGMmVIalRZTnpzbnJpNjBwYlBHT3ZqcHloUG9teDRncjBOT284WWs5d0MtRkl3ZDdyY0cxTGJjNWtPa0t1TTNsaXdYeE84SXZ2U0hvNVRRTzlxWkpqWXZzUVg5YUhTVWFBVWx4OGpBVlZhU1B6TEdhckJ5T2pwdHpnSGE1ajZwSHpCUWdfWTZzMWVyal9oRG9sWmRUbVRVY0pDTW9uUVVIcXVIb2NUMWJySnM5YWlWd3ZzUzYxQ2Q0dXRlZw?oc=5,"Sat, 08 Mar 2025 08:00:00 GMT"
"iPhone 16 pre-order sale to start today: Know offers, deals and other details - India Today",https://news.google.com/rss/articles/CBMi2gFBVV95cUxNMjVfY2NRSGxVRVZKSnEtRTJnSGhYRzdBQ19BM1plWVhMLVdRelpIXzBnUkpLb3Rfb1dHUmhtenpNcGU3X3VkYVVXYTRpYU9Denk5RlNPcHJFd2hVemdCRTlZRkYzdVdpNFRXQkpWNUlJcmZaOENfMGJnNHIwcnBRQzdXbkdUM0ltOTZFdVc3NWtDT1d0bjFWUzhKRGE1b3h5OFM5d3o1ZUcya3RmbE9wdlBaZmpCOUJlRFFfUS1QbFEwaTQ0NUM4MjB2bEZRNWN3RnNHSE04Wk5KZ9IB3wFBVV95cUxPbkJtTW1aYURXZEpNUnFmVVlGTGhPaFJ5M1pGZl9US3NXd0h0RVhJTFZVNEh5RG9tdWlCWUtlWlhZRjBhTElPOGlreWJhOHlha3hVeTdnSDBITXF5OW9mbGg0QWJXVjMxQ3NsSHp6TW1Eai1UNFl4UXlxcGpFQkw0eUE3Z3M5aU9ELVZuTXJwYl9PeE9HaWVhOVNVcVVvbU5MYTh0dTk2VUZ0R1VWeVhWeExZRGk0a2ZVN0x3cmZBYkIzQ2FCTVNyRklrY0NXMEFsTkN4cU5oNzFadzNYLWhv?oc=5,"Fri, 13 Sep 2024 07:00:00 GMT"
Amazon Prime Day 2024: Your guide to best deals and discounts - The Indian Express,https://news.google.com/rss/articles/CBMiuAFBVV95cUxOOVRYQzAyRlFTTl9Zb3JmaktYaEh2RmJTeWptYTdWRWxIUzQxMlVwdWlmYTZjVFFya1E2Z0JFOWhjcEdsZ2d2UmV0YlA0U1VzMkg4U0pXVWhkYzhIT3RuZU11SHVZS2xRNmg2T2l2NjJqMzU0MnFvR3hPS3JHcXdMUW9admlYby1Ka3VTVk5tR19uNGRHeGhJZXZHYklXajg3ZktaZXk3TUwxVjV1WGp0NThZMjBwb0Nu0gG_AUFVX3lxTE4zQk1HSkFUSkVFbVZ0amdqTHdDdE1VbFFEY2xTWWxTcHBYVUFIa1BnOFp0S0JwUjFDSUY2ZFhNRE9fMUdkdzl6M0FfSjdabHZJTkVMbGlMZGdmc19Wa05tamdkMDNqUWg5MzJzRGpuX3N5STl2VmJvSGdPNHJGMFRveGlDb0VjdjJ2VEJ3WENuNjF5LWoxd3VTQVFzazlBSkl3OXY2WUx5R05URUJKNU5xaWNsdzNLR2Vmd0Y5Zjdj?oc=5,"Tue, 16 Jul 2024 07:00:00 GMT"
"Apple Days Sale: Vijay Sales brings deals on iPhones, iPads, Macs, more - Business Standard",https://news.google.com/rss/articles/CBMi2gFBVV95cUxPd0pXb0RQWTlVLTNkVUV6X2NTQl9OVUNrM3NlM3c4S3dNaldSQ2E0bFk2czFFbGQzcXhJUnQ1Nlp0WFVOaEtXRXc5Q1RXb0VaQm1tYjVvU2swckVpVlNZSGpLS0xqT1oyaTZhXzctQzYyUDNIVzJibFh4QndOX09xd1ptLTR4OGpEUGhibGc5M0FwVS12WWF1UXRrYk9OYUVpRXdVQzFEeFppc1Y3blZwQVVHTEVZRmNneEJtSWQ4SDVvbnh6MHdGd2VoUGctSHRtTW9MMlYwdkJ5QdIB3wFBVV95cUxOZ1ZwX0kyTzlWeTJBcDdtUk13YzdNX3VRRzVNcElER09mYmRtQUZGc2tKQ0M1N0xPbUYzU0NkVzVvc2pUcUdKYjQ5dGtXMFRpelNzNWczWWVtZ2NOVUNjS0JDLTZ0YkRLNHoxeF81V1BUZU42dHpaWExlWFRlV20zSEhiZjNPQU43TTRqdkhQVTE0Q1djNFBuY09LQ3hWSThieGdQT3JmOTd5UklKdHNzSUdqeVV4VHdBem1veWszdlBSZmpJcEZjdXVPT3o4QVJMT3R1dXVQUWhFRHN6Q25r?oc=5,"Mon, 30 Dec 2024 08:00:00 GMT"
Deals on OnePlus smartphones in Amazon sale revealed - Times of India,https://news.google.com/rss/articles/CBMi0AFBVV95cUxQYUhvRGltOWZ2dnBTX2ZxanNXYjlmVGtlVWQ1QXpMdEx2dFBZT0pKMGZpanplS0FIbEZDTUhBeTBxcHB0UmU2YV9OUEc5M0g4ZUhyQVdWWHFvZFBwSl9kekVrZ3MwTnZLYVN3cWlNcmxzVlRuRmMtUFl1WTViVjVLUzRIZDlmVFY0dFRSaGhvWWRPRmI5cWZOal9yR2VUTG5pbWo2ekY5dzB4WlZhV0ZrV0xoWnRlSWZhMF85bnVWSGc1RXRoQTU1MHlCWmFZT21V0gHWAUFVX3lxTFBqbVpJcXlhMnMxbTBvOXNuampnVFlabnpfR0ZTS2VxbWh2ejZzTldoRVVyZ1plenBya0hnUF9ESTFTd2hYMHE2MFdYaE52b0FVczlHQlZEdUlTeGR3a3FJWEd4OGZoUndWTnBXRGNkazBjZVZIWHJpc3VuWU41RUVHVTBURzVVYUF3MExzamozbVM1ZUFvbkhLYUw2YkFpbWl4ZlpwaVkxQjlaS0J5YjZHbkprWlBkYklqLW1IaHoyMkliNDdtSGZKMmxwLWtlWVllWVdXdWc?oc=5,"Thu, 19 Sep 2024 07:00:00 GMT"
"Apple Diwali Sale 2024 kicks off today: Deals on iPhones, MacBooks, and more - Mint",https://news.google.com/rss/articles/CBMi3AFBVV95cUxOU3h5RlpRU2NGX1BESXg2S3hvaVNnSnFoaWcwbXhidGpHZjUtdnUzOTR3S1ZMMGhBVmExM3pNNW9Nbm1MY2kzMXdfNnBvcC1HMXU5VTBHemM3NFg4aWVPdWttSkNHUkxDeDJPZzNENGZHOUNDZ0stMWFWdlhEcExPZzRIY0N3Q1hpZnN0R2pLdHVQOUtkdjU0WFczQ0JoS2Rnbkp6dW03YjNDZ3VEYU1jWVZBSkU5bEE3VUc0eGZaSWcyN0w0Rk5zYjM0S3hNNUdfMHM2MWR3ek9zN2My0gHiAUFVX3lxTE0xTWxlR0RveHlTLWdFRl9KNjNMVHMwdVZFSGRfUmJYUVp0LWtaZUZIWHoyOVhlN19EeVhUcnN6Ml9wdmJvWmJZM2h2ZDh3ZHgzNUNOd0YzV0FfMVJ1MFR0X2NPR0VZUmI3NkNiVC1Pa0pUVUxUanVJWG5YZnZneGQzNUFRNHI1RlFndUZjQWlyVHl0RGc4X1VBMGdIVUxHd1J6VDQ3V0pwLTBvQmc4V1d6MWFueXh5cmV4OGZ3VjFaLWFNRWdjRlJvQXpqTDRWSGtUdk83V3RUX2pINjJEa0ZyaXc?oc=5,"Mon, 30 Sep 2024 07:00:00 GMT"
Black Friday sale: Samsung announces offers and deals on Galaxy wearables - Business Standard,https://news.google.com/rss/articles/CBMi4AFBVV95cUxNeUl4bWluUV80NDNGQkIwS0ZyQjJTNEtyWFBNU0QxTEFodVoya200WjRUQVdtaFZqbVFQR3hJRnpyRG5PM2kyb0VBTEQtVjN6VTdUaXg2ZUVkTTM0b0pkbFNySmI5d0o2TE03SjVMTjhmUkIxUWpLSVRjRlBJOFZOR2VHZlgyMDhOQ2N1eWotTTZEaTVPalRJN0RVQVdOT2dUY3h2aXlERW5VT3lkd29CQ245NzltU1ZUU0xDb3FGNy02UkVjT0xKbS1VZlk1VE5XOVVTSUN5dndhblYzMVlZM9IB5gFBVV95cUxNMlM5ZzFfRFZyRVZzeVUxSkc4LVBnQ3Y3czZEakVsMTZQeFk0enQ2UTUzX2hNV0ZnZFY1QTVabTV5MTdsaWllbk5zUDVFdXZfdVRQeFpDVzdmZjJkMkhUd2tsX1JRdXhKRWtWLS11TEpxNXducnJHN3M2cHAwenF1REhuZWNWcmgtV2hZY2tWUTNVcFJrSzlmNVJYQUNJcjJhMDJieDFMNWJhLVo2SkNfS25fR2NzRTNPeE1wUnVUU3RRTjBGMERNWmhyc3RJTnN6c1hvR2RwZUczNHNVMmVvN05qRXFTZw?oc=5,"Fri, 22 Nov 2024 08:00:00 GMT"
"Flipkart 'Big Bachat Days' sale: Deals and offers on iPhones, Pixels, more - Business Standard",https://news.google.com/rss/articles/CBMi3AFBVV95cUxNQmQ2MmgzdUxJZHhkNVg1VnFWLWl0U3l0NEZTb0tsOEVKVVdfSndsdHB2RnFXbE42VXQyYzRSVFRGZmNfYVllNXdHT3I1R3FjU09IcGNCbXlvQUJ0WjA3NnVUX3dMcXpjeWVydVpsaUN4U0dSeG1EVUYtdzVSMUtYNHRrMEp4YnpTdlpwZDA3eHpuUXZJcjc1c09qSV93WUZhWHRUeUlWMU9BZXVYaDBYQjNROUJOdWxIZDNLMVotSFF2ZjJEeUJTd3JEUTRCZzEzZGpBX0FWbjBDLWVC0gHiAUFVX3lxTFA5RmhsSHNMMW82dTVHNmxzTVRNVkNaR1o5UkVYZ0kxUUw2bG5kakhtenBoNkxQUWhOdWYzd0lBdnk2SUdQZmxmNGJuTTA2ZkdDa3RGQnl3bUZMdDdrZDdWbmJ5bHRNbWFtR3dxSzJDczZwTXZpbFQyR3Q0Tl9WMm9Qbm93TktYR0luVndFSjR4dDg4X1F5Nk5fN3dDRFB3cWlqenZCczRfQ21uV2ZWOUlxRGRHMWRZNWhWN1VrdlNReW05amp3d1dDZkxJY2R0dFRxY1l0OHF6SUhfbUUwNUh1NUE?oc=5,"Wed, 01 Jan 2025 08:00:00 GMT"
"Amazon sale 2025: Best deals on smart TVs; up to 65% off from top TV brands like Samsung, LG, Acer and more - Hindustan Times",https://news.google.com/rss/articles/CBMi-AFBVV95cUxQaXBUaVNXeVVGcG5QSTVHRlJNYkQxak02YTJReGVQRkxrSEUwb3h5TnVXbm9jcXBvS290cFdHdFk2QkYtNVBxNkI3aTUtQ21MRjBoMHJUSGl0eXdnXzNQMGFTTVhuZ0VIVGFkckswdUFtWVhmRW1aM3NqMlZwc1Z2TDRlXzJxZ3Q0WHBYNVJZVW5seDd4TXZkSDc3WkxNWFAxQTFWVjhSZWs1MkJtOVhCdlNIRkU2NlJud0EtWE1CeFRHamVsSlJWdEhfLTF6N3V5NVJSX0FrWTgxNXRFdkF0dlN5WHQwVXJPejZhS3Vjb20xcTJLVTZtaA?oc=5,"Mon, 13 Jan 2025 08:00:00 GMT"
"Amazon Great Indian Festival 2024 to kick off on September 27: Deals on smartphones, wearables, and more - Mint",https://news.google.com/rss/articles/CBMi-wFBVV95cUxNcTNsaUhRMW1UUUVGWmprOXFVeWUweUV3eExQdzhtZGRUMklYUnhfMDZKWE9HWVBiSkFKaGhCTFNzTm5jQmwyN3FKVENtOUVGWTFwTEtyVkxmQWhMMnB1ZFhtSUlySVV3UkUyRU4xQ3NPYXhiNjlyVWstZWVFZVRUOGJ5NE80Q2NKUzhnV3dlODQtT29TTENhdGNWcE4tNU1pb3ludUhYODFEV0h3d2JpY1gtQTRQNVB6UGFfU19PV1JBNkx3MXA0RzNvc2pzTTFaeFpkNmhsRklfQ0hZMVI5c1IyNXRaR1BfVEYxemFTdHZuaHBUbnA3dUJNZ9IBgAJBVV95cUxNLUM1aGgyNEN5VWFTT0gzYWQwY1R2RHZoUkxUa0xfcnhhbFdXLTMyWDFKQ2VhNzhieE5DaDBMWVB1WlVoVWNZWHh6VUVDTjVQVWcwV19WMHp5aU0yYXREcDg4ZmYwc1p4T0RZRWd0NE1uZ1ZBd3MtNE1nZzRRdXNENGV3WTctRklqRXZ2SFI4QW5jN1VMT2ViNHJUVUI1cDlzZ0FCSHJaaFVLR09fQ2NrNWFkUUNVSnZmRGNoOHhJbGk0allONEo3WGlPQnM3R0g4aUpUdWVsUjYtdUY0djJOTXBobHdkMDZ3M05sYWtnUjNNRDR1ZkJtNDZSRDVzOGJI?oc=5,"Tue, 17 Sep 2024 07:00:00 GMT"
"Flipkart GOAT sale tech deals: iPhone 15 for Rs 65,499, Galaxy S23 FE for Rs 33,999, and more - The Indian Express",https://news.google.com/rss/articles/CBMipwFBVV95cUxQQ1VXakJlQzR1TkxGSlVHQ3RQQ2ZaQ0J0c0pqY09fT2FzdGpqdkZGNGJ6UDhBZWppdjU5SHl6SnJRYXRqdGlRbVdfQ2xHeWROejlqLTFTcjZxTnRXaWpUTlBhZlJJYWF0VTA5dGtyLUhEQ0dhVld2eE82MDB0d1VIUFZadW9lVzFLLUVIaHpNRFhWZHVFczBielUtYl8tUW1XV1lJdHlfZ9IBrgFBVV95cUxPU1ktTnZVZWY1T2FlXzFkcFBWanNEQ0VhSXZsclJDaEppR0ptMWFOLTJ5d1F6WF8xWUNjSWxNNkhYcDJBZGJfSDZCZnBTUFoxc1FjYXpUci05a0YwTjJFeGJRMGxrcktvaHVDcXR4ZDAzQVh4MjRoVFB5Z2hJTzZHcXlwZlBuT2hmcVFQOWdJSUxOSmI2ZVVIck8wYmxJS1dwUVE5NW5VX01xZ01jUHc?oc=5,"Tue, 23 Jul 2024 07:00:00 GMT"
Samsung Black Friday sale: Here are the top 5 smartphone deals - The Indian Express,https://news.google.com/rss/articles/CBMiuAFBVV95cUxOSTdNVnlsUVpFNWQ2QnZMUmZNNzMyTnJOLVpDU2JGWlJ5NTYzczAzdDN5RXZONmM5YU9yanQtOE9TajFuVldaZ0pFYV9hQUk1YVNyaXI1VHNLVS1kbzNobHJNYUp5N2F6MXVDWmp5RzlRRENGbmU4SkJhMGpfLWJYZjFOWVhHWGhBWmYyby1BMGJDbE1HemJsc3hMY3FVbGRJeVlVTkpjeGp1aGJRSzFDWjhsN2VNUHNq0gG_AUFVX3lxTE50RjNVTEdiMDltOEZRcmpFcjJCV3RrV09DRm5Pd2Ftcll4Z1Y4aWluOWFZN2V6SDRCaXl4U1pVOEt3UWhYZmZrWF9HdU85VW1sZmtPWW1KVnNIYktvQTFlcUJBZUxZdFMyYkJtV0xqbV9HZUwwSWtoTktHVVYxa2NSUnlDU01yY2lnV0pteGprVVFxLVRZLWtVNzZaSE1vZUoxMHBSLTZBMk00TTFuNDhoY3ZCWERva2dsR0FGQVk0?oc=5,"Tue, 26 Nov 2024 08:00:00 GMT"
Flipkart teases Big Billion Days 2024: Early access from September 29 for Plus members - The Indian Express,https://news.google.com/rss/articles/CBMirwFBVV95cUxPV2swZllKbU9hdmMyclhhbHhMdkVhMXk5X1FWVnF0bGZLaEIzZFhXY09OcmpXSG1VMTZZVlpMdmJTZGJnSEdaNHhKckZqVU1SeEhHVzh5M1NwNmtMNG5Gc1I5MXhZYm5DSDlmZ013WnNZbmtiWmNDWUM1aGZweEUyOTRRWTBaOXBBR2x0dVBaV2ZIT1Yxa3lNSXl1OU5ndnZ1U3YyVlMwR3hXd2hkamFJ0gG2AUFVX3lxTE9VMUw1Tzk5LWFSNU9uaW5uckpzYVY0eXFYZHlNenpJUFdENWI1UVNLNXdGamhzX1J4a0VPNzZuREdmLWFHd2Q5OGJkSnVaWC1DYjgwdTEyVzJWT0k1T1lpSERGVzZHZWZ3TE5sNTR0UjJaYW9XVFVPcE1KWTFndVJJNW9BbV9hdFFiOFZkYnpwZy1VM1daV0wza01OYWs5UzhVUy1rLXBNcUlickg1TFpyMGI1U0NR?oc=5,"Thu, 05 Sep 2024 07:00:00 GMT"
"iPhone 16e goes on sale: Discount offers, India price, and other details - India Today",https://news.google.com/rss/articles/CBMi0gFBVV95cUxOOEhWSUhFT3lmQThSZ2NQcldkb1VYMXhvVWR3MEpqNUwydFFJNWE2cDZ1cjFienlKY2ZaV3Z4bnZTQVR6aWxHQXNVV1prZ2dlRTdhMDBQSmNHWDRtWEpDMkxweXI5TWd1OVl5bU55UndPUkl1dW16VVA0RmptX0Vnc09YcHViN29NekJYX3o4VEdkeWExSXpidGIyUHMtQnAwNXJEZmNuN2FmQzNVZzB6OVh0MDZrSi1UbEMzMTFVaXlhcTlUM0Q2WjVMM1RrdzNhX3fSAdcBQVVfeXFMT1NUd1Z5LTNzMms1bHMtMlp3bldOQzhRUHEya0FyNG1CMUhFM2dyVjMyZG5qbUdsVWdlck1oYldFdDA2bHFadFFlYVdSckZOUjFZUVpVLTY0ZjhCMGJmQVZmMjRRdXZwVGFqeWM0UldrSXBOamxkNkkxQkljSFkxQzBlVFVETHFTSHNGX3AzcVJ1V010QUpDZW1iSDlBRmxpODJJVUhmZ3VRMGxxUXNXek5jaWdPQlluQ0VfNHBtdllkTG55Ui1lSl9WcVp2eGhtVmRXSjJmSXM?oc=5,"Fri, 28 Feb 2025 08:00:00 GMT"
"India’s deeptech seed deals surge 5.3X in 8 years, lag behind global averages: Report - YourStory.com",https://news.google.com/rss/articles/CBMimwFBVV95cUxPbDZLYnZnSXVwNDNVdXloc29TSlVsNUwyQy10TW1QZWtrdUhlOEdxS0dtc0Q2Zl9IWmxURW1oaFNNUlpzOUxvSkRxbXlQQjhZVnFzMjBnM0NPRmVzS3hGV1o2SWJfdFU4SVYtYVcxbTZCUl9BRUh2Z013SEc5Rnc4c2dGU3BObVIteTFZcjE2S1BIVnU0WVhwUDl5QQ?oc=5,"Thu, 19 Dec 2024 08:00:00 GMT"
Why deal sizes are shrinking for top Indian IT companies - The Economic Times,https://news.google.com/rss/articles/CBMizwFBVV95cUxNN3laSC1mSnRERU1oOVd4TjFZMHpfUEpPRXltcXRINHdJWTVsXzlUQUNUYVMxRllBUzVlRXk2dFNjemhCazZzZ1BjT2tDMEJXR3N4SlZPUlRyZ0NESTRxSUZqcVFVMDN5ejI2SDdaU0QwemRXQ0F1UXR6Z0Z3RUJ6S2JXSXBLR3NHRlVoUGJYRHZia2NWUEkwRk1TYkFTWkdaYVRkMHJoYU5YenFhUVM5c0VJWjByMVd6b3FPY2UwZlp6TExldExIUzRDTjRhRm_SAdQBQVVfeXFMTUd5NUwxZzdNN012S1h6dEd4TzFlbEpxNEVHbF9fMWI4bkppRmFDN1dBWmpsUC1qSE9hOWhuZmU0U1dUazJRM2M1ZlFmUHJkeDB3NDhGMkhRVWFRamRWZmRLWjJldC14SXMxTDh1QUJKOGlDNWRwZkR2d0xKVVJIQXJpRG1tVzlfWkJtM0hRYjB3Z0ZJSXlaeklHakIzZ2JNcTdmcGNrb0ViVnlhTGpRdUlCN0ZrWnBrSUIwN3hUTU9zMUE5U3hFc1JRXzYtRV9pQ1NxUFg?oc=5,"Mon, 17 Jun 2024 07:00:00 GMT"
"Flipkart 'Tablet Premier League': Check deals, offers on iPads, Galaxy Tabs - Business Standard",https://news.google.com/rss/articles/CBMi3gFBVV95cUxNUnpma0RvSDZ2ODN4OWFNdWNrX1NRWHFYeFRCMmJDR0ZoYnc1aVdXRmJVaXIxWHNoZDEwR0dUVUtOWURCOU1DNFktZ3JSUUdobGxYWlY2RXVSWVE5WG5sTWtJMlkwcTZHcHZvRE8wX1lvQUdfQ3ZVaHpuQjR1S3ZsTF9QR0pWQkpSVDMxYXZ5a3A5WXM1aGhOTG5FX0FoSlFKNmpZMXFncWxiRkxHamJrWXVXQU13Wi1aVE5USDVPR2VzWEJRQ3BCYm5mcUVYX28xaHRadHNDamgxNUtTWUHSAeMBQVVfeXFMTXhkbkdKWmJyY2x6a0NqT2VQR3Boc0pwVDZYLXRuVmxZaFlfYy1aa0ZZbVZGYWgyRFFxb3JDNE92Yld0UUJ1SWpVWDRVV2tMNWRMVWxDT3ZVWTlqZ0ZlVHQzRk1vMjJ6Tko3QjZyb3AwaXlmbmNmMHpnUTJ6d2RSNGR5bEk2cl9iN0x3aWg1endnanFRVGhhcUI5OU1CR0p6SVRnS3hvQklWOGtzdmRZdnlnUDc3cHZCRjdycnFOSDdZbkRGUERPZ2RJOGJTYkNsVjlyRlNwRXNMYUtSM0hoYzNSZDQ?oc=5,"Wed, 19 Feb 2025 08:00:00 GMT"
"OnePlus announces festive offers on phones, tablets, and more: Check deals - Business Standard",https://news.google.com/rss/articles/CBMi3wFBVV95cUxOeEh6ZGRqcGtSREI0R0ZYWHVYSy10eWt2SEpiOUg0TXNlM3V3U1BfTjJKOEc2TTktNlNTak1MTHBNWGpOOUpZRTRmUlJLZmFhelUwbUVhTHhKRVYtbWNrZFNDOXFqYlFoYl9ZUnB2eXhWZTFlem1WUEFtSmJWak92NmUxRld2N01EZmEzWFZhVnFETGtMVGZsUWJyR0MwWHRRdGk1RTNrTzFNMUhXM3lVTlAyNVl1dkhsejNFSWdfbGswbURkeU1QYU5WQnlUNXktYk91X2RxSng3eXF6Y1Bv0gHkAUFVX3lxTE5JN2hCOFdUWmxKSWlOZGstX0pxbzJSN2o0Vng1S25GWHYzQnVQRTVZdDVoU0YxWkp4c1V1NllyM2hQcEJXbUlyVld0eV9WOWNERENrd2kxWXMyS294SGU4ejRSdG1NVWh1eExiU2FxOVBLR2JDYk1XY2x3OGpFdHM4dG9hRmU1V1dWQmZIb0hCLUxIQU85RTZNZHRtcy05a3BpUEpiY2dnamN3ckhBR05JRGZzSUM0WHJXQUVHd2ZVWjRFNFpFbWRqblpvWExGQjZCU0hoX2owSWl1c2lXdUZSTTZCbg?oc=5,"Thu, 24 Oct 2024 07:00:00 GMT"
"AI, GenAI, digital deals drive HCLTech revenue in Q3 FY25 - Techcircle",https://news.google.com/rss/articles/CBMimAFBVV95cUxObDNhQVdjNU9EdVBlbVViVjZzLTZTM2Q4SURCTUEzWVpZTlgtdGIzMFlnZzFRbTl1Z01SY0dkSHVCbnNvZklVcjFKZ2lRdlVTUlBzRi15QnVsNGs4WkhvV2dMT2RvTHdQR0xDV1o1Zk5yMVFyd1czX3NvUXI0ZkZTc0JEVC0yMjlWYVBuQTVOMnZKZF9VV2JYVQ?oc=5,"Mon, 13 Jan 2025 08:00:00 GMT"
"IEW 2025: Major LNG Deals, Experts Discuss Solar, EVs, Tech Innovation on Day 3 - Energetica India Magazine",https://news.google.com/rss/articles/CBMiswFBVV95cUxOTUd5LWZOUVh0cVdvcm9meGVPalc2NGwzUkc2R2VpelF5NHFIbUdRU3VMWmJtSk5KSzFKc0h0RU53UE1rQWhfNlhxZXhvc2JtbU56UDRPcnBLcmpNSTRVb3hiXy05WFZRaUdUSld6dFlsZXFkaUxMX2VUNWpXTVRfWnZuaWRlWFl5ZnBmWm8wTEczS3dmSVlzQUNtQ3JIQmlKcGc5ZHhfMXAyN2IwZVh0aWVnWQ?oc=5,"Thu, 13 Feb 2025 08:00:00 GMT"
Russia Eyes India’s $200B Modernization Drive; Cements Ties With Delhi With Tempting Deals & Tech Transfer - EurAsian Times,https://news.google.com/rss/articles/CBMiiAFBVV95cUxPVXBUTGllU0J6dU9qVEg5ZTdZbGYybGhSdHdOSXJJcTNQMzVQT3lXRWlpSFUxOS1GSGVkUDd6SGtSZnExZWxudFVjdkJXaFc3cTJlOWVNc1FBYXdFZFkteXVrQnkydE1EcGNmWl9JZFVZV1g5ZDNlMU9qeUdUU3dLaGYtS2FZOFB40gGIAUFVX3lxTE9VcFRMaWVTQnp1T2pUSDllN1lsZjJsaFJ0d05JcklxM1AzNVBPeVdFaWlIVTE5LUZIZWRQN3pIa1JmcTFlbG50VWN2QldoVzdxMmU5ZU1zUUFhd0VkWS15dWtCeTJ0TURwY2ZaX0lkVVlXWDlkM2UxT2p5R1RTd0toZi1LYVk4UHg?oc=5,"Sat, 14 Dec 2024 08:00:00 GMT"
Together’s AI fund; IT deals’ proactive renewals - The Economic Times,https://news.google.com/rss/articles/CBMizgFBVV95cUxPcUR0V0VUOWtiRkNxelgzNXdtcE0yNzYzdEtXdUFtdUpyTXh3d1JSbnl5U0pXMGpYMVdUc1FxeXgzc2NPRHVFbmN1dk8xVUNUM0dkajEybFIyMGhMdFRLUFF5cHdHaWp6dDJoMWtWbWphWHYtZHg5anp2MHd6VkgtNUNISlFWV1lneGlyZzEzdHh6M3lmR1p2MUxpaUZXMFRIcjlHOExTSmJOa05xY2NsaFN2TVg3VjlIRm1FZDhSYkNnSzdQWmJOVnJtUnFRZ9IB0wFBVV95cUxNQXQ2OVprRzlqNERuVUFUT00xNTJmWlNiUk9RVlRzY01DUUs0SjVyeDBjNVVZNHgzSmVla290ZXR3WS1CZG1KdlVwOS1LSHdONG5rWVRCM2U0Sk1NYmlvY25XZG9qSEZ1TF84VWpCNFN1SmJDNTdjMk9ibEZzQW5heEtBNDAyRTluZk5yalJPVUUzN2g3NElJeTVnYkYyRDV6UjE3MlFKelpmZmgzamdTVXJaaE1YLU1CSUlnTVRUUTZuSENIYl9rTlFmcUZoNE5ZTVdB?oc=5,"Sun, 02 Mar 2025 08:00:00 GMT"
"Customers now seek value over cheap deals: Ranjit Babu, Director, Consumer Electronics, Amazon India - Business Today",https://news.google.com/rss/articles/CBMi_gFBVV95cUxOT205VWZTaFloV2Jxb0EzajdsaFpTdHljMDh3R2FjOEU5enFxNXoxQkZkMmxYLU5oX1UzNzdhTVA4U1FQTFktVVVkQ0FkUG5SZy1neHVHVWgyLXdBc2ZPMzNiTHkwcE1rbHpsM2pEd0tVdnNyaWZxWEdPNks2aVE4RzVYY0pfWlZVa2NmbmpaLXRQblRWalZ2dXBKRW03QnpRaEFQcGdHVjh1ZTFtSTBDN2p2SjdEYjAyenQ5Mlh4VGtOQXYtc0VYT3RLb2pjSVFuQzlzRW9yOEtOYWdUMWVlQVRHNXcxSDlNc1FfaTR3cnN3cXlUZ25iOEE0dXdDdw?oc=5,"Mon, 07 Oct 2024 07:00:00 GMT"
"Amazon Great Freedom Festival sale: Check deals on iPhones, foldables, more - Business Standard",https://news.google.com/rss/articles/CBMi4AFBVV95cUxOZWJ0SDRIekxtUlVCcHg2a1laODV1dnQ5bElZd2NQWTRBa1Bzd3pDd3NzcFJFWkhmZmpvVlJVUW5Td05iOXZxSFFrdWoyWVR3N1pGNGVHcmM3UE5nRkc4dkRlaUZhbUdnNzdiSHozRXlobEE4aTZ4VWpZUFB2WWtnWktFY1FmRVA4dkZ0aGF6QkQ4MzVxWWw1bWVHZUN5WTgzS201Q0RLVDBVSmpIaEhOYmg4UEFFeFp1eVJvMmF4c0hhY2hxekM3X1ROTEEwTlE0NHg5OWhlVkZ3UTdvdEMwedIB5gFBVV95cUxQeW13TWJ5VE9vZXpTYzNmbEszd1diN18tY3Ztb216WHZKdkw5ZEZoM1lwQ04xcFIwaVVFbE1IV1VZbVhSZWIxLXpIMmJWOWlsZmZBWm53MGJsb3VtYW13dF9pVnJadW1MSGgycFBZWS1KQVRoLXdram5JTnk0MXIyZUM1RUoxc0FaSlRUMFVuLUxwcXZ4S2RvRnBJcy0tdy1nNTBmSkpWRjMwN253cVFuR2g2MHN5NXU4YUdTRVc2RzRhZFdLbmJ6bXIxWVJldTJyY01QSWFaakV2aDdvQWM4YWplSzZoQQ?oc=5,"Tue, 06 Aug 2024 07:00:00 GMT"
Best Tech Deals You Can Snag During the Amazon Great Indian Festival - Times Bull,https://news.google.com/rss/articles/CBMitAFBVV95cUxPR1VIaktFeC1GZlZ5N2Z2R1UydXBwelM2LWVVeFhlWDVXOVBKSUNUSEV6WndSY3BFemdiblI3ZVNCb1M5X0x2dDNyX0ZMOXlWRkpldUFnRDJwd2d6N3JNbVpfMmxPd1ZDUV9hWHVMYkREdmlpampXOEozd1lJYVNBdEtNVlZReEpxN0RuS01DUnJnTzhQOGRtcl9FQUw2ajlVSjYwSzFjNUZtbEY5WkVBMEhSTVk?oc=5,"Sun, 20 Oct 2024 07:00:00 GMT"
"Digital transformation deals, AI projects drive revenue for top 5 Indian IT firms Q2 - Techcircle",https://news.google.com/rss/articles/CBMivgFBVV95cUxQU1NjMnI4MXhjNUQxUHlNbnRaTWxqbko2aXVEa1lMVmF5YU15bGJhWmhLQTZtU0d1MHdDcnkyaXhub3dSZmFaS1hKM0E1NmROT1lFdjRZTHJqNG5IakZBNnlhR0c1aEd3U1FaR1R3c1RSMmNqU0hjUnZkRUdORDZlbHdoa1U5bUFUU1FSOTZtdzlGbHRUMkFjXy1yN2xXdVQ1T09EQU84S1BMaDB2OEozS0RPdXU1QlUwVGl3TmNR?oc=5,"Mon, 21 Oct 2024 07:00:00 GMT"
"iPhone 16 India Sale Starts Tomorrow: Price, Offers, and Exchange Deals - The Hans India",https://news.google.com/rss/articles/CBMiwwFBVV95cUxPNWxuRG05YzJDUFA3Y2FKVGZBUDByRjNaV1EtR0hrTU9hU3dxeWdqUW1SUEpYVmJtQ0tSRXhIemU1RWNneE5pYWtVUXc1TjE3MDA0OWw4U3M5Y1E2Z3JfcUVJSU5CRVJ0bDNGLWp4UlpwaGlEUlRFMlF4Q2V3ZWJjN2RtYW9sQnZmbnRZUU9rTE9FSjlyZldULUhoYWx1VFNyMHVpNVl0aVNsUjZnZUtSQzItc2ZLeFhReFhnQzB0R1JhOHPSAcgBQVVfeXFMTUxzVEtBZTk4dFE1WEJBc2VTR3FNMkpKLWpZMHVqYzF5YWxOSmJkNUFDTlhlRTFTY0I3aGJiZS15dGloMUFRXzJua0xtYzdwZGJSdm1FN185SEhycjNIVW04UUY3ZG9JS1htdWwxM0dMT1ZXRG5KRFd1MHlDanlXdWM2V0RQR1BDbnk3MlNld2lmTGdQQ2d0NWxkQzhBUzFnUkV4RWlJcWdGM1JiNzAwVTIxNDlLakdqakhsbzVqWVZkWlgtQUprNGY?oc=5,"Thu, 19 Sep 2024 07:00:00 GMT"
"Amazon announces Great Freedom Festival sale: Dates, deals and more - Times of India",https://news.google.com/rss/articles/CBMi4gFBVV95cUxOdC1wbkhSN0pxVEdVRTFHOHF4R3lJYjFMR0RpQjdGNkVzanIxMGFVTmJ0bnFZXzZ3cDVJbnljM2tZVzc2amZMeFZDaHdHZWh6SDlWbFpxdzRObnR4YVoxTlNVaFBSQzdYbnNocEgzS0hWUUh6VnlsOXFUQ1hVLXB3YkpNTDlMcUY3YzhMSDNVcHBMWHVoVjNBeUNGdkFNZm1PbUVsLVNOQUxrSk9YcUFfY1hVOGNOakpyTm40eUEtNm5LTWc1dVdxSktYek9LdnItbTVpM2VMSXo3ZDRrMGJpaGFR0gHnAUFVX3lxTE5yMU5aajZ3U0o1ZHRVbVdDX1d4YmhqbUZDSS1mTktRTC1vVXZpTnRuRjczOHU4S0RIc1J5ck50eXlXS0VLMEtsV05GWmE0aVRQRTNmMDY5UURYY3RmLU9DN2l0X0FqVHNXc1pESWpIOHllVlJiM1pqNHBNUU9ydXFuRk1WcDNCYzVKSXZ3QVpZV0x0X3BTYlFzenE3YmlTdGJQNDFjbjI5bFpyRG5GVXNvMFpLMUFZRGNWLUc4MGhWTklRQzFOdC0tcHZUd1pBUFR5UlN6TFE0ZFlRbDI5Z2UzamVvdGNndw?oc=5,"Tue, 30 Jul 2024 07:00:00 GMT"
"Apple Diwali festive offer: Cashback, bundle deals, no-cost EMIs, and more - Business Standard",https://news.google.com/rss/articles/CBMi3gFBVV95cUxOMVVGR0dHWHFHMkhnbG81YktKcmZBQW4wejgyaE1rZF80RjZ1VnZRdERzclhieF9odEtBUzh0N1JueEI3WWJRRTY5clIyTUVqWEExa1RoUjlKZzl6U0FPdm9TTTBYblRIZzl6ajRYRDNKMU1tZDJZcUpfQ1VhTk1vYjNNWlFWMHgxaU1xbmdWT3dZUS12MEw4MEFERTlPZ2xLNzlYZWhFM255WEdXQlBtMU54RjhGUXJtaHJiTGlWS1NRc01PcU5DVUV4amtwUTVQbmh1ZWZmbGRjSFV5aXfSAeMBQVVfeXFMTy01blRhTFpEcUktR0MyRHZUcEJDVzg5ZVk1NzhNbE9xTnFZaHZEVjRlSUFHek1jQXZIMVBjX1J3OWJWRDlWWC1PMkRqanZIdVg5ZlZ0M2UxWkFPMFRUY3I5VzZMQnA1MVJ3Q25Yb2VrWXo2LTNyUktEQWs1STFQU2tfVWhsZ3ViWFdYWENGUVNqNmcwVkZsUWZkbjZ4NkQ5eDNQOGRHaGFDZFZKX041cTZkeFlEZmNON184eldCVzBFU2VOSnQxMkZzalhkYkNOQ0U5d0Y2N3FlVlRBb3k1SV83RW8?oc=5,"Thu, 03 Oct 2024 07:00:00 GMT"
Best Tech Deals on Amazon in February 2025 - Analytics Insight,https://news.google.com/rss/articles/CBMijgFBVV95cUxOSmI5NVJxR2lFRm9zVC1UT1gtSzZqX2d3Z090dzhfS0tiQlpwNjRBSVI5NWNTaVhkSWxUb2FiY1FKbmRTbHgxVHhmVWtqbkp2eWt2eDFRRFZxZEJiRjl1aWNaaGhfMTd6VldZbVFEQTEyeTQ3ZDk3OUxsajBQZ0xFeXdFNndCTkM2WERiQXBn0gGbAUFVX3lxTE54M1YwSTdUNlZGMmtvMmthOTlwNUxoU0E0QnBuZkdQb1BFVklGYzREUEJ4bUNWQ1VRSTAyb185UU9WMDkxWU05OFROa2pyRzVPcEpVMlJvZWlSM05MakdHSFVDYWVPNnQyWmtYc29yanBzWGVkNXpkZ3NaNVBya3JWa1FtaFlhTFNDTFRPQWNCckJJNm9qRmlUZzdV?oc=5,"Sun, 09 Feb 2025 08:00:00 GMT"
Amazon Republic Day Sale: Xiaomi India announces Unbeatable deals across a Wide Range of Products - The Hans India,https://news.google.com/rss/articles/CBMi6AFBVV95cUxPYm5uMzlvcXhRWDdrUm5peXIxYXFVbGJFZFRuT1lEeWhBTWRtbVFBbkIzQ3BtUzBRWDdjUzV5V0hHQU5oTl8wU0NmaUhIaDVyaWlod3FXcHZBTUZYeV8xd3ZFSjhzQWlUb1ZDVGRjVFV1RWR4ZzhaWVMwbUpFZzVkY3FpWnBiZVI5bnVDeUthXzhTN1Q4aVdhZjR0OGdmLTN6SzRiOXMyQ1A4YlBkS1JFZHhpbERRaE5ycnJjMkd1RDdFTXZVb3pKTl9HS1lHc0ZFSk1Hem1YMThmeDlNUFV6NlBCY3VyMWJT0gHuAUFVX3lxTE8yM01qbGVyTFZlSTlYVTdibklMS2JUQnoxZG4zLWpYNWFrWUpHLXRkVlllRkVUTkgxTGZFdmd4aGp3b0h5Q1J5V0lKN05VLWp1bFNLOFpaY25TTVVPZEFQc1k2ZzJvNlRFaEZyUW93X1hpT1FLd0Nkd29YMWlfWWhTeWNWVDJVMm1QVy1YR3ozcFdPelpGUlQ3S0RpTlJQaFRWUUFDamx3M3hmb2xtMG40bVFzZ3ktREdhaVVTMmtiMVVxc3MyakpGN1RlX1lhZnUybGxMQy1kOVAtN1VreWs3VFBhdllLRE5WbDBTY2c?oc=5,"Tue, 14 Jan 2025 08:00:00 GMT"
"Apple iPhone 15 for Rs 57,999 and other top deals from Flipkart Black Friday sale - The Indian Express",https://news.google.com/rss/articles/CBMirwFBVV95cUxOVHBFX3lyLXNIeHUtOVMtYURKSFplSGZjRmN2dUw3bmJMT0ZxekxsVTVFVlFOdFdTak1OVGF0X21KR2RPOHNhUGFtSnQ2NnNIZUFIR1M1RVN4UkxaTWFwOHNFQ040RlB3US1YQ05iV05LbnlmdGFCanVIWkYwbXhaZ0taNEhDSG5oUmRyZ1dSQkZ2SnI3TUhlcVkxMlpCUHhXb296cWw2cVY4R1RXSTdF0gG2AUFVX3lxTE9kWlFkMXd4Qy1TWlk1OWlyMHJMY3pIYUxyNk94M0xBOTZXRWdzeTRTNlNrZ0ljaUoxQ1lHeG1mRFN4XzYzM21xa29BU1h0ajdQYjliNUxtUkVfNTJLazFpdF82SEctVlNMdmNxZVBYX1o5bVJqU2RuYlRHMmRERDNqZHhqR1ZuazZPeHhQQ01ZVEF4YVBZZ1h6UWtucUduclFfVDVtX2I4SEgweDM2VEhtZUpkMkJR?oc=5,"Tue, 26 Nov 2024 08:00:00 GMT"
"Flipkart Big Billion Days Sale 2024: Check sale dates, early access for Flipkart Plus Members, bank offer - Times of India",https://news.google.com/rss/articles/CBMixwJBVV95cUxOejlBMG5Ha1RkLVpSQ2ViRDZwLXBTblFwZ2VJM2hRek9qS0xiY25TRzBqVVV3NUdtZk1YMFk0ejBTU3AwRi1Cd2JQaFZLOU4xSmFxdnU3MlFibjZSR1V0RjczaE9lcGQ0SnZUVTRvVjRZRUlVZ3VyU0huTGtKRWNwRnhnZnJnQlp2eUdaZFZYUG1vcHE1ZFpSbXowRF9fT2VnVDF2Yk5FdUFHSHI5VUJQRUtONVkzdGM4QXFsN0tSYkRnNjNQakFsbzE0OTJaZ2pCMGtjaXRvRXY0dXF1XzQ1U3N5Uno4VVJ6UG9qdWtPYVh1NldhbkJxRDZnbXBpWGFXRnFINlMwWXdPMDg1NkhUTTd2WXFtZjR0TF85TzhJV3pmaFpCSVN2ZGNMMGFZY2hWdmlpcy1KZzBIZjJxTy05TnE2WjNwUTjSAcwCQVVfeXFMTkQ3VUJiR01KVVViTlVrRGd4dm01RkY3QW9IWnVkUkFQQlI1YURtandHenZIOTJta2c0cTloNkZOUERyN1FWZkpVQTliQjVZTFg0U3ljWk9uajJvMVRYWU9mNHZJVXBBT2UyWUV0VTVQWXBQdF9qc1prQ2ZuUi03RWd5UEZ4UC1SSVJSNlFxaDBFRjdKeWRsLXl2N1NvMkRnMXBibXVNaWdpY1hVYm9lVzZkSlR3S3pfdDlMWDJrTTFPay1OUkVGeWx3WHdfOTRPQ2J3MGJsME9mbmZWTUJuRUJqVXhBbW93MzZhV3plemJublZYak5fY0FBRElybklGMkplTWFWSEFfRDBWeFFjeEN6TGJRbW4zZFItM01TUjkwTk5tcm9hcHQ5OVdVclphR0pVbk1FSFhZVXl1Z2pXOEM0MTdXdWlvWlA0emw?oc=5,"Thu, 12 Sep 2024 07:00:00 GMT"
January 2025: Top five fintech M&A deals of the month - FinTech Futures,https://news.google.com/rss/articles/CBMilgFBVV95cUxNTENJTDFnZVJ0bkYtbXNjLUxndFIyY3g3dERUeGlaNEhmd09OdU9iUGdLdl9sQjAwMlkyUEMxckRaQ3NfLU5VZmRtMy1LaGRSX2JPUzhiZGl4TjhQdkRTUmJMT0hsNTJSeFA2anRjdnc2RmkzUTZBMFp0UHRGOHV6LU0yMzFWYlNpQTNnal90V2YweXhxb3c?oc=5,"Fri, 31 Jan 2025 08:00:00 GMT"
Flipkart Big Billion Days sale: Check deals and offers on iPhone 15 series - Business Standard,https://news.google.com/rss/articles/CBMi4gFBVV95cUxNdW5zS2d2c3BRdFRMYWpuS05YOEJ0ZGs1SkU1bGZIUUlzd05NTmljbzZrSHg2NzFTdVk5NXhkTGFXYWRtbHBKVnUycUFWN3BLb09aRW5QNmVSLVFXdnZCZ2FyOFdWazdwM2kwZW5Ubkdnd1JDUGoxSHlyWmNNNVBSQ0J2UWJYUkRaS2Jua1BMTmRxVXVUZ0t3RVBpOXREcURaVmJvWjFTd0pxTUtOSDhfazBSXy0zSmNHOW9yTDllN3ZaaHBYYmRybk1ST0xIRmhWd19mV0VtRjJ1V2NsQlZsaFZB0gHnAUFVX3lxTE5uZS1obnMtUUlIX3lxTDMyQUZ3SVZQeUgzV0hJbTRDWDNXci1mczlGLTlpM1MycmpwZTVkY2htbkdHVDFkLTExcmM1eEU4MDh2M2xfNmh3WktaUTlXY1ZRXzIwY0ZJbFdYT1RqME9BMGk1TWpTS2lTMV90QzhCZVNweHR2ZHJvSUt4UXAwTVc1N2lDLXU5SDJCMUhpaTJhOHFkXzVZdkFGRnFmWHJVNDJBQkx0T21fbjZnZ2hTQ0N5dlFiYlUtVm1QLXEzLVFkWTBFOEJSY0U5QmxuYklVNnJoYzBSeU9qOA?oc=5,"Thu, 26 Sep 2024 07:00:00 GMT"
"OnePlus Independence Day Sale: Check deals on OnePlus 12, Open, Nord, more - Business Standard",https://news.google.com/rss/articles/CBMi3gFBVV95cUxOZ2s2T0RtMlc3M3pDOW5ub0wxallfTEFSSXREeDRFUGsycGtfUXh0Zm44RTByaHBVTjNGUzVPNjhYamRCSHEwQ0E4c1R5UGZ6c09jZDM5bnFYeWRnTmt2SU9vSjNnNW1Sai1FR1J2aFJHMDRUaUpKYTNlZFM5MHJUc25LNkxRZm54WlF2OFVkQ1pvVndaLWRzYWRUdXVudE8tdXdQM3pqYl9MN293Rm44NWVNTGxpTXVtZGpvS3BKYVVJNUZ1SGF0eG1wOWtQdG84U1FQVzZ2S3F6TEVuX0HSAeMBQVVfeXFMTWZjSXRwdlV3bHp3T1ZsUlZFQy15MU45NzN6VU5xbWl3V1doTnN5Y011WFpmcG1WbjlOdlpoTnk0VG9jZV8xMDFYN2hZUldJbTFCVmM0X0JzUVZjZTFTMTdPc2oxQjI2cFBhaEZpak9zdnZlb1phZy1iNlpkYTFmTXZlNVJmR01sN1dIZExGbDRHRGljUWxhWXdGNWhadzFRSmlmZzBYUXFSejZpWGJ2cFQwTWpDX0QteEpnZE8zX3UxVnEwa1M1bHV6T0dkaG5ISVVsdW8wclF5QS13NWFaQ3Jsbmc?oc=5,"Tue, 13 Aug 2024 07:00:00 GMT"
"Amazon’s ‘Great Freedom Festival’ is back: iPhone 13 for Rs 47,999, OnePlus 12R for Rs 40,999, and more - The Indian Express",https://news.google.com/rss/articles/CBMi0gFBVV95cUxOcW8wTFJxVjlaSjlqYnowbmJZTzdlMWFfWW85cDBzM05OaUQwUlNQOG9YWEFxV2VCVkF2a3A4dDRYS1lnRGgtanJ3ZkM0OUN6V1JGVFkwX1FPdWpCbmVyUE9oQnVUMjJWQXQtaXZnSFYxckJpcWhfbGVCM3FtWEtRTUYxbW5jT1NKaG51Sm9INzh1RDBkWWpPWlVQcjFDS3NGems3dTlnUlJscU9UWXVTOEpiWDQ5VkJObng5S1FZRlJSVG1DdTY4QlJmLUFmMmhRd2fSAdgBQVVfeXFMUHpZZnoteFlxTG0wd2t1cUtjRDFmRjVYcGlFNEVHRm9tNWtjTkZQV3NFYjVHeWZsSlpIS0d0Z19mTm9nbTFCYW9FbHh5eHI5eGNra1N6V1IxdDJ5ODh6YUpLaFVyZVJ1UUEyMjZNZHBSX0ZVd1pCSldLNUVlUmpGcEZYcV9DRWdRNW5rOGFFSW1ic0VuUHJubUNWZ1MzVEhhcFowTzA3SUNMbFRnV1VfRjE5S0hTYzh0amtsUFVmS0hNS1QzYm9Sa0RPSFpWUmxiQm14LXpNN0Vi?oc=5,"Tue, 06 Aug 2024 07:00:00 GMT"
Apple trumps Samsung in India; ETtech Done Deals - The Economic Times,https://news.google.com/rss/articles/CBMi6gFBVV95cUxQVmdobllkQkEydHl6UDh2Z1duVUp5UHJyZlJXMGktN0ZJTTNNMnlqdkN6Y2hkbUszc3Q0Q3I3T241UUlJZURETk0tLUJyb2NHWkdmeVlvcF9SYkhycWQ4b0dGSENOUk8zRWM0Y2k0TzVERlJuRjY0TWV3WmUwek1qVkZZdW5vOGFpVWFfT3F1Tl9kRFJWalBmcmJfcTVuaUppWVNtbTJEX2tUQWtJSWZnSlBUYXB1RFcxY010UUJTaDhTRG55Wlg3eHFVQWQ4Nm01bXZOUGF4MXNlaktHZkFrMldiejlSOUJFSGfSAe8BQVVfeXFMUF94cFNJelYzdU9uZ2FWejAwX1JuMGg5Y2VVSDlIZ0dJdTZ6NFExRGItWV9YM0lBb0NJTFY5eWlfQ0hDc285SWlBdC1KSTdRcHNrcDVscG5XMDZCd1J5c2FtTW5odnRSTkQ4b0d4WEJSZWpkeDRtTk5BVTdUYzVzWTZTWW54b1FkVEFWRUFxSndyNXhVd29sZTR2amljeTVkOFpqcjJDbTh5a09pUGRUbjFpMHRoOWgtbDNScDJGQjJfbXZCaTRvbUdjbExVQjhuc18waGtBSm8xTVRhYm9yUzRKRHFxaktsQmZka09SZWc?oc=5,"Tue, 17 Sep 2024 07:00:00 GMT"
"Flipkart Big Billion Days 2024 deals teased: iPad for under Rs 18,999, discount on iPhone 15, and more - The Indian Express",https://news.google.com/rss/articles/CBMiugFBVV95cUxQQUI0cndmN19GRndHZkVlNUdnT2VXRW1XQjhCSHdXQkV6eFU1ZV9reVZac3FtQ21Jdl9KTU9oU1ltaFZ5aTBNQk1MWkFTenpuRTY3S1loX0otV0xPalRYRHk2WllwQWpwaVJYNVM5RnBkQ0JXSjZEYTd2OEhrSWhteUpBMExxU3ZUU3RGZWpkQTF0X0xUZmdFQ1VJSUhEUXRQLU9QUHlBSkhGY3V4UU9uRnFhcUhOWFlxR2fSAcABQVVfeXFMT21OZzN3SkxhbXFBeFE1a2xiSXZZQ2dUUGt0OUZSai1qMDBQb2dseGozWjBTRnMwREtOY25GRTBMcFA5QjEzQi1ScDJlWFhxcG5rcU5jYjNUUXpxNGd0Q1p3ckVjRXpBOE4zRER0VnE5UkdKeVJXSGR2N1RsOGY0Q1h2ZS1fLTlqVXlMWkxwYlNYRzJValFoVk9iUEtUM2pPZnR4WE5pQTRaeU04TGFtN2JvckxtNVpHY0tqLU1yRHBI?oc=5,"Wed, 18 Sep 2024 07:00:00 GMT"
The Great Indian Startup Funding Rush: $229 Million Raised in a Week - TICE News,https://news.google.com/rss/articles/CBMipgFBVV95cUxNMnVlbHB0amNvZWhhXzloUF9PbHdKYWZva2F0MHdhREpYTnh5Z0pfZHdxY3Y4SEpNQUVQSkJyYmhVZTBCbU9Ebl90MGh5Mm9FUUxoVGhYczZZVkktT1VZeWhRSHZhelVyajJ0X2JqYVk0OWRkOXg1ZjZ2RDZqMjVEMzR1ak5LbERMYUI4UFZEbDRQOW9sUjk0SE0xVWswemZIQ2t1Sm9n0gGmAUFVX3lxTE0ydWVscHRqY29laGFfOWhQX09sd0phZm9rYXQwd2FESlhOeHlnSl9kd3FjdjhISk1BRVBKQnJiaFVlMEJtT0RuX3QwaHkyb0VRTGhUaFhzNllWSS1PVVl5aFFIdmF6VXJqMnRfYmphWTQ5ZGQ5eDVmNnZENmoyNUQzNHVqTktsRExhQjhQVkRsNFA5b2xSOTRITTFVazB6ZkhDa3VKb2c?oc=5,"Sun, 15 Sep 2024 07:00:00 GMT"
"Amazon Great Freedom Festival sale: Check best deals on iPhones, HP laptops, Sony TVs, Apple watches, and - Times of India",https://news.google.com/rss/articles/CBMipAJBVV95cUxOb3FKWFRsR2lwU2pLWFJ4eFZIY3Uyb21vU2t4QVpwbTJHTnktcWx6VnJ3d2xiN1QzSzdBaGJWdjFmUTlpVFpKZmd1WTBqTGZCeG8tbEtOYVVYVFlFN0oxZjMxT04zQjgwOV8tN3hVOGNIcXVUaWdYMTNqdkdTeDBfR2VzTy1kZ3hoRG90SWpGeFNMLWVKRkhTSmhfeURsZlNPaVM1WXhtTEZZYW1vUTNPTldWRHo1R0cxcUdPWkxNQ3k0TUVKM0hjR0hfeUdRbTBXTDF6Ujg1MlppYnZxLUVsb1FITXA5X1BRclg0eGw3YWpTem5Eb1dPQTc1emdzZGdyNlVrejRNRUFmYW1mWHFpMDNfa0tBbGJJVVVCTjdnaVkydkZE0gGqAkFVX3lxTE5GeldhVjdCaEQ1TTBob1l3aDNCOHhMSUNxUjdQVnRLbG15TlJ2c0hiQW9QMElEQTd5d2ZCRmVnd0dXWXRxQUtrREY3ZTV2cWJYSFJUYWJ5d1RzRklaQ2lRWWNpYjk2Z2EzYUdIMEZSVE0xZ2JjX3RiNWRfdW9Ndld6WVdRNUpHM1NUaHpISXR2cHYtYmkyVlBJTUtQc2VfRG5ETDRfbi1lbjdIanhPMVBqVVZjeGdhQ2F3bjN4UGtuVUpZeVNUQWVDOEtycnlNMEhPemMtMlV4WXdBWi1OTFVXVWxzUUltUjU0MEJ1bThMekxRV1kwNWFkNjNpdHVrRDRxMlBrelFBNzFxbzd6T3ZsY1BpUXk5eWs3UUlhSExER3BVSzdJSC1DSHc?oc=5,"Mon, 05 Aug 2024 07:00:00 GMT"
"Amazon Prime Day 2024 Sale: Best deals on over 40 new launches - smartphones, laptops, more - Mint",https://news.google.com/rss/articles/CBMi5wFBVV95cUxQQkhTLWx1YmhNM0tHQ0RPclZjT2Y3dlhCbFJjVEhSSmhDWXNFWF9ONGtVa0xQOWphX1RLV3JveXdnNU1rN0RqaHRnOXBGQWdJSTJZWndXeWVyQ0sxT0prYVdEVnJqbndnUEFiUEdCdllZTDR4MUNlQjZnMzZiX011SWNxRHFtVkxIeHhjM084cHZKVHV1YkkzbkFfNVRlLUZKOTFaNFNCS2cxdE91MVRKdG9qeEFpWlAyQUpTWlRQd0JZWGFXZ3ZTUmd3cm50OHRndFBHcXhrOE1zeXBMQ3JKZGFzbjVUYjjSAewBQVVfeXFMUGpDbTlyNlNhN0Faa1RYUTZlN2p4c3Q0N1dhZHJ4Q2VQUHk4X3BfRFRhYk5kM1ZpVHFja1VyTmt2NGhFamNfc3gzY1JRZWdfS0F1Q19VbjBlSldnSlBEWVg4NGpKdWtObWVPUGNJR3hyakgxeFV5cDRsWC1KSFVPWEktYWQ4MXBHeWFSMlFDMjFzRHhzWVFaR1hlNmlmQ1ZHY2ZhRHVaN3I4VXVsNHlNQ25CLUk4TlZlbnktWUlLSk1MenlzdmVpYzN4dGxTMzZEQmJUeUZJaGFIVWpLR3l4TlZQZU42S29YVU9rYkM?oc=5,"Mon, 15 Jul 2024 07:00:00 GMT"
Indian startup deals fall by third as investors get selective - TechCrunch,https://news.google.com/rss/articles/CBMipAFBVV95cUxQN0JBRmE5T0VBZU8tODRQajVaNkhRaHBqeWZmdDNaRHEzano1cm5hRmNMTmJ2Y0lkR0hzcWZsS3RwTmlLcVBwR0NBV09acE9nYnRONkxZbEdwRjJEZGNIV1JTU3I0NjQ4VmluTE9BVlVReUJVd1B1Y1JURjJ2Tkh2TXJLQzUyV3lnRVdpdWhnR1B5YVB1Y1hPaDd0MGVxM1lqMi1tVw?oc=5,"Wed, 18 Dec 2024 08:00:00 GMT"
"Amazon Children’s Day sale 2024: Best deals on tablets, wireless earphones and smartwatches - The Indian Express",https://news.google.com/rss/articles/CBMitwFBVV95cUxOeEZhM3lST0VFcndjUUNSbFNNUFhxZXE1QlZBaDkzNEtMZ3RwOHJrT0VBRDI0VzlZdzhLQzhfVjNhQjcwcHA2WmRYWDRVZ1M3eG5tYk45NDZQRU1tcHh2WGhJSFltWDhjUzZtOUhpNUl4R0ZBZUdoNkFPMUZYd3V1Y3pyeHNIdk1jQkEteHpwSTNUeTh2V0twTURGWmFlRTEyWFE0VU1QNXBsWmhOWXh2TEtCZ0JZdEXSAb4BQVVfeXFMTm1zYXg3UFBOUkFyV183dmZTMWw3UlJPRWxNcnJnczB0dVVlM1ozSVQyRFRhMmk3T3czMmw3dTdGNlU5ek9qSTFXRkI0UU03NGFBMFpFTURuQ0RUY2NoQzdYMVc0cWYxbTA5bDZvcFhuRzdYMDVxc1Rveng3V1Exa2V1Ry1TSTlkamdjMmtMNVJhM0JyQlBjaldsNTlfYzRvRWFSb29IUFgxTW9ybEF6ekFoUlY5NFA5LWpFcklidw?oc=5,"Thu, 14 Nov 2024 08:00:00 GMT"
Traditional and tech-driven entrepreneurs secure deals on Shark Tank India Season 4 - MediaBrief,https://news.google.com/rss/articles/CBMiqwFBVV95cUxOWE44bzRCdlVsaVVHY3RrUEh0TnllZ0RoNmJoQmNwc3cwd3JSMG5NUFZwZERwaU03bkZoM0dMcXB4Y2lZQklYVzA1S3VaS3E3aFAzSkNjUDVEOTZzQ1NucWh4OUhnX21NcVZZMzY5TmpSdzlYLXEyZW1BWkZETUh1NmU0bEZXXzJqZ2VpMnBKV2lRTzVaSHZ5UVZLSzNOTW1KSnltTURHd2RoV1E?oc=5,"Wed, 08 Jan 2025 08:00:00 GMT"
"Amazon Great Freedom Festival sale dates announced: Early access details, deals and more - Times of India",https://news.google.com/rss/articles/CBMi_gFBVV95cUxPNkxNSG1TYkJGX0VkczNSZWRneG9zdXNNTW1oN2x1a1pjcU55enB1MVM3NXdJMDhuSERIM21kV0JuM2ZoTXFuRG1QWWtGSGduSDFQX0FSamhINENxVi1Ia0ppUENocUdKdnNyYmxxTGFCcGRxZFZ0TXVGa29lQmotTGc1UTVOelktdkd0QkFhaGtRZ2RSRUVnM1RQT0pKd2E0d3owWllDUzVBMnpKeTRPTWEzWDN6RF9mekhQOTV6Y1dXaGpmMWhDN1hfcEt4VlZDRGxSWWlieUM0NmVjMF9lcHlZNEktcE9rVHoxcnhsQm9Qc1p6VmlWYnVhZWRRQdIBgwJBVV95cUxNc3hqZE04VkltUVM4U1JBRXQ3YjB3SncyeWZGekhVRDRXdVZiMDNHME03ZkdaM0EzdU5VOUdLNmpIdEdBelJVUWtOaVh3eEhkTUZwSm5EaDNsX2Y3Zi13OWlHRXZxcTRJeFBZak1rUGNTZkRRU19IWE4wMEFmSjJYb1dvb1p2Y1hMRWJrVkNZQWRnM2tDdUljQWNVWm8teExUUEIyRlM5V1M3eUNOM2hlOTZPaFlITXg4T3diZGZVNDh0Zjc5amppbm9lN2JVV3JSYmtTU0tWdVJyMmJ4LVJWRVo0dm1VVEF6QThGbUQ5dGU3T3Q1cm9UVlhWTkFiTkdVNGVv?oc=5,"Fri, 02 Aug 2024 07:00:00 GMT"
Amazon to host Prime Day sale from July 20 to July 21: Here’s what we know so far - The Indian Express,https://news.google.com/rss/articles/CBMi2wFBVV95cUxOcTBCa09kNkJmQjFzV2lxaVFLUWpEUHprc0tmRDFSc2RJWkRxdXlpZVV1RHNNUW5oMkZjOGNxRXZnVDZUQ051YlZpX2dSZzB0ckRCaldSS0sxR0NlNEY2ZDByaGR4NXJyMmgyUDBKUFhqWS1wRTN1UDQxOUQ4REVUazMxVFAtYnM3WEthellzZHFZLVJxcnE2ck9BbnlQTUtpV3N1NDVHanRCR1F4RE9fb2w2eVhfMWpmdUlycXUtRUZkRG5mckwwdl9aR1dWQjRhcDIzVzZocGNTQ1nSAeIBQVVfeXFMTUdGOFM4Z1Fib0ZFZm5nWWxXRGZRbE1odE5obW5BRC1kUG0wM0lLalBxTHgydFVoUGJPSDZhcnh5NkVsdjVBbHdNbVR5UE04ajc5aGExSHdmQkJZYlBMTXpiaVpZeGVqN09OaDhhbnJmeTJJaVVVLUFjcjVtN0dxdGc2dVZRRmVZd2xpRnVBdG5NZWF5bjNZeFNXRmlTamtNV21NeDJlQ3VDamQ2aEFWZ0wwMEpsU2pSV2pwU1E1b0kybFNURzZtd3VzQlJtUXZGVklPZV90elA5MGdxSDd3N1JFZw?oc=5,"Wed, 03 Jul 2024 07:00:00 GMT"
Trump 2.0 and the US-India partnership: A new chapter in strategic diplomacy - financialexpress.com,https://news.google.com/rss/articles/CBMizAFBVV95cUxPUWZ1ek1uNU83RTdycE9XRndKRnBlQlRUUUJWeUU2TE1aWDRmLXBuYkoxdzkyQk82X0lJcHdSejJ5Q1dKd0RrTlk2V0dxLXM3YXJqOTVlSEdPU2NIMnN4bWRNbU9SYnN2N0lEQnFkeEF2UDhhblhqLXpDTkhKTUxNWW82U2g2cUNQdkF2c1NCb21RQlVlZDhBQ0hGZVJ5dFNKWlVQWG92MnpnMjJCUW9kY1pDX0k1Z25MVmF2X0Q1NWhfb05yZ1N3QThLczY?oc=5,"Sat, 25 Jan 2025 08:00:00 GMT"
"POCO X7 5G Series First Sale Today: Check Out Deals, Discounts, Offers, Availability, and Price in India - Techlusive",https://news.google.com/rss/articles/CBMi3gFBVV95cUxQN0hGc055eHVjcXg0TU5nNFVQSW91OXJoVzU3RnJlc2Y3VTBpd3NhcjA3X2dKZWNMVmFCUGcxcTNHYlFvZXVRVDk2dlpQVllRSmxJdkQ4b0cwU1hiQjdwTFd2dHVaNDV0S2FjS2VTbW5nb1VDYWxCQzJOLTBIOVRJWFp4RVZRWmVXcEtJU0FZbnQ3QVdwRVRFQ3hmbFVlRWdUZFlRN1VibDlnTG1Fb2JPcUY0dDI2WGtFTGdwems5X2Q4S0JhSkNsZkRtX1M2X1pqbU1qR0lNdjNfSHAxcVHSAeMBQVVfeXFMT0ZDTkh6cll0X0JuZXEwXzBsQzRGdzBEQ1FjZjdtNGtHNDZPVENLQWVTOUpGY3lxMzZsajF4OEF4ZElSLTY4X0kybFZIdjJBMUNJQncwdDZXWWUxVnA4eGNuVGZGOEdzNkVLN1BZVEJxakw4SEZCQW5UWEpUM2NYOGYtZDBoeXY4bmtHYzlDMkluTmFUYnE3RUs1OEhjMmlyZ1Nmc2lhektnSzZTN3R5dWs2RnpOcTNGTUY5NlluUklSZDJabFJGNEN2N3JqdFlkRkZxclVqajdtZ3F0Z0ZocXN1Tkk?oc=5,"Tue, 14 Jan 2025 08:00:00 GMT"
"Amazon Prime Day 2024: From MacBook Air M1 to Galaxy S23 Utra, five deals worth checking out - The Indian Express",https://news.google.com/rss/articles/CBMisAFBVV95cUxQWjZLbnJFS2w3S2d2TGZjNUZCZjZMMTVuV0YzV3lBc1YwMUpLZ0VnTmRIVzA0S0dfdTMzSzRRSlk4ZUlQZk1SbWhqUEp5cXRiX1dBeXRvek5TUDNPWlAwUTN6aUlpSWdBMzd4ZTl6TlZFREZtUTRJYjNvVTlnYUZGZVo0T3puM1RGT1FkRFVaNG5JelBqRjhiM2Y2dHJrRmFudUV6SS11Z1JaTVBZcjA3Z9IBtwFBVV95cUxQb24wQnpRc2RpY0dTTkI1X1ZnTjZjY3VsaFhwTldNQU52dDhCbFRsNnZBaExhRkk1dWEzV3ZnNmZ6dFJvTFJVRV83WDVXcE9QbGdtYUZuUjhRWElGdVczdkFsczJiQlhxdm9IT05mU29Oc1hIX0hYVXA0UVlJbUFMRG9sRXhxTE9hZndybVlCLU9MYlpnY2g4ZW11cVVMelJ4OWRlcHRMdWJSUE1IdkFFTEIwaTZ0SmM?oc=5,"Mon, 22 Jul 2024 07:00:00 GMT"
"Amazon and Flipkart sale: Best deals on wireless earbuds under Rs 5,000 - The Indian Express",https://news.google.com/rss/articles/CBMi3AFBVV95cUxPOUFQMW1OLUozUmIwRkZXQ3pHT2FLMXVRMmRMTy1xeDFHQUZYaWpuZ19ZMXBlb1lva0tyQ09vaUZDOEVlYjg2UnN6RlVpalpJNHNSS3N6ZHNBUWdrMkdCSXluSWNzYmdjQlJyVFFLdm9KTDFaazJoSHNEck5QNXNDMEJ0c21WVG1iRk1yNE9FcUhPSDRWLS10dXVfdWllMWhaM3R1OWpSbXZiNGFnU2E0VGdOQTc1aDQ4c1NiendVbEdVVzNBUUhzdGJIZGR3Y2xUUTZ4S3lzbW53U0k20gHjAUFVX3lxTE9ib0MybU1hamdiSlRPSjBFcTlNdkNoYnZaOHlqWFYxRlRoVHlfa2toWDFESEFjZWg2X1FyUFVRNzF3QW1vajlnNnBhTFdnMElKZ2VXOFZ3M0pnNFZpWWJ5MWJYTk5jcUVHTVV0ZEF4UklmYzU1aHdfcUxNTDRpOHIwMHk3YzdtUTZZSHBhZGQ4MFNRTlN4ZFZLYlRXbm5HLWtYNGNfdnowbGNzZmVDdXE0aGl6ejhlbVdQSlBIYkxyeWFZWkhpT00wTnptX3FHV0Z1b2xvTEJNX3VaOHZOLWxRT1Fn?oc=5,"Sat, 28 Sep 2024 07:00:00 GMT"
CM M K Stalin in US: 6 tech firms sign Rs 900 crore deals with Tamil Nadu govt - Times of India,https://news.google.com/rss/articles/CBMi5wFBVV95cUxORGVKNjhyQ29zdkpOVzVUMVZ2aEl5c2hFV3RyTENENUstal9SREZiODJFYlRvSGxJcEdkUTRUUjVsQVRXRm9YdmZMeEM5Z2NoN3JVZW0tRDN6Tkk2c0FfQ1RwVTNwdnB2YmZjdnVWdE5vT2otb0Zma201QTJDN1VrZE5haWhFTFZHTGRXbUtwR08yVVdwRVlndGJpc3A5RjJpVEtwMExGb2FzbmZnVHRyR3VmeE5URmdWRVFzQmFVN0Z2UVZfcDRWUTBaektsRzl5dk5KTjQtTHRrR2VLQXRTN1J1dlAybnfSAewBQVVfeXFMT2lITG1tb2hjQVVoakoyS1JhV2pCZ3p0QWgzSkF5OXFUWUZqNVN4MUZUX0hqbnVvb0tQMmFCd3A5Y1plRWZWQ2VaaXZMX2gyR0N4SmEtbTVEMEdIcTZLbjhVOEF2V1pzdkJ4T21nSVUtZ2tSaVVxMDdoc04zWERnN1NXakd6WmJKRU5tN3lxTVVFTUdWdjhJd3hSQVVVd1B6OV9EN2hIRXBfbkV3YmNpN3pmUEVPbUZ3MGMxMXN6dVIxUGFrZzNHRkZaM1NiVlphdnRWT1lTYUhkRW1rTTNLNUFNV2ZtQXN3MG9rQ18?oc=5,"Sat, 31 Aug 2024 07:00:00 GMT"
"Flipkart Big Billion Days sale: Motorola unveils deals on Edge 50, G-series - Business Standard",https://news.google.com/rss/articles/CBMi4gFBVV95cUxOZ0JxZFZ4dGlYVVBXUDR3d2NmVlUxOWREYlNOLWQzZTNBak4xUkRRTlB6TlNVd0ZpTWduc1hNZUhDZlRwSzJkcHBEdU9NMk54X2lTN3NRSUhPOGRFRFgzOTFZVy1qeFRab3ljbEptclg0N0Vtbnc3bjJSYkQxTHU0WjZ3anVIaGE3Q1laS0VoTVNYSThzUy1NNlVUNjhyRE1RMWpHZ0xKUUhBZGQ3MUNZNDB0U3JCSV96WVgzLVQ1R0VPemVYR09IQUJ5c0dwelk0VWQ5S2J0RjNCNXRaUVAyU0l30gHnAUFVX3lxTE9ZS3pQaXc2ejBjc3FmaTN3T1V6VUtmVnRNYTlDV3ZNRW5ONEFVaXRPWTlSUTk1NTVOcHM0N2kxbWZ4MldwWWItRFRXTEdiTlplWGZsLVBXdVVDQWMxRTMxaURFZmJIWEJ3NDlaUkVmYi1EX2ZrYW5FNmNKV2lfNEMxQW5xVWgyczIwMjkwWlpYbEtDU1Q0YXNlTmVHRExkdnVTMktHZjNIQU1URWdRcThNWTU2QnRoS1ViNlB5ZWc5OWFfMmNnVVNxVjg2b1N0R2lRUGxoLUwtZWU4NFZhNEZCM1BUR0xiVQ?oc=5,"Thu, 19 Sep 2024 07:00:00 GMT"
"Independence Day sale on Amazon, Flipkart: Best deals on smartphones, laptops, smart TVs here - The Indian Express",https://news.google.com/rss/articles/CBMixAFBVV95cUxQbTBITGd0WkpKenNmOXpPRHdFSHRpSmJZWE9IREFxc0N6czlieGRBUkNVVjdScFI1b3RiSE1wcUJvM1lscDBNR19LbTR4TFl1MGhnTXdjYWQ1Y2JsUXFyX3hnTHVocGh6V3lrU2pTRmdUeVNybUlVeW9MSzZESXFRWlc0alRXQ3BQV2xvcWlwSlByWGlUZi00QjVRRWFvLU9CSDNOMGVKd0o1OHROaTM5SlJMM2dEY2JJUXJWQ3h6S0Jaa0hK0gHLAUFVX3lxTE8xSGhtZ3BGSHZpWER3TVhneUJXVWxJelNDXzdDbFZtb3lUeE1iZGl3dlloWGpJYlgyRDViTXJVcHhOZWZGMHk4V1NLYmJGYS1KRVlTY1lnWENocjVsZjNkTzVaVldlRDRjVjNCTENpX1g5WHJnR201N1E2dFUxQVRhaWNCbmczcmZlSkZqZm5XbHYxM01FazZXd2JXWFdCSlFLUmx1S3IzVkRYMWRUdnFocmV3MGxtazRYa0xOOVc1Mk13aWpseVg4dElV?oc=5,"Mon, 12 Aug 2024 07:00:00 GMT"
